Robert Downey Jr_87.jpg,25
Lisa Kudrow_64.jpg,20
Ellen Degeneres_34.jpg,14
Billie Eilish_3.jpg,6
Hrithik Roshan_35.jpg,16
Vijay Deverakonda_39.jpg,28
Tom Cruise_21.jpg,27
Alia Bhatt_41.jpg,2
Elizabeth Olsen_36.jpg,13
Charlize Theron_29.jpg,9
Natalie Portman_74.jpg,23
Priyanka Chopra_6.jpg,24
Priyanka Chopra_73.jpg,24
Natalie Portman_99.jpg,23
Zac Efron_6.jpg,30
Marmik_5.jpg,22
Camila Cabello_9.jpg,8
Elizabeth Olsen_23.jpg,13
Claire Holt_28.jpg,10
Brad Pitt_85.jpg,7
Ellen Degeneres_67.jpg,14
Anushka Sharma_48.jpg,5
Zac Efron_52.jpg,30
Lisa Kudrow_18.jpg,20
Elizabeth Olsen_43.jpg,13
Lisa Kudrow_2.jpg,20
Priyanka Chopra_72.jpg,24
Natalie Portman_21.jpg,23
Marmik_14.jpg,22
Claire Holt_92.jpg,10
Roger Federer_37.jpg,26
Brad Pitt_72.jpg,7
Akshay Kumar_49.jpg,0
Robert Downey Jr_73.jpg,25
Zac Efron_9.jpg,30
Alexandra Daddario_3.jpg,1
Alia Bhatt_56.jpg,2
Hugh Jackman_61.jpg,17
Camila Cabello_75.jpg,8
Anushka Sharma_61.jpg,5
Vijay Deverakonda_68.jpg,28
Ellen Degeneres_72.jpg,14
Andy Samberg_75.jpg,4
Vijay Deverakonda_33.jpg,28
Alexandra Daddario_14.jpg,1
Hrithik Roshan_84.jpg,16
Margot Robbie_5.jpg,21
Margot Robbie_69.jpg,21
Hrithik Roshan_45.jpg,16
Anushka Sharma_5.jpg,5
Andy Samberg_74.jpg,4
Courtney Cox_49.jpg,11
Natalie Portman_92.jpg,23
Charlize Theron_36.jpg,9
Anushka Sharma_33.jpg,5
Elizabeth Olsen_54.jpg,13
Robert Downey Jr_19.jpg,25
Camila Cabello_84.jpg,8
Ellen Degeneres_22.jpg,14
Dwayne Johnson_17.jpg,12
Claire Holt_0.jpg,10
Amitabh Bachchan_64.jpg,3
Henry Cavill_83.jpg,15
Anushka Sharma_27.jpg,5
Hrithik Roshan_14.jpg,16
Priyanka Chopra_43.jpg,24
Hrithik Roshan_100.jpg,16
Courtney Cox_78.jpg,11
Amitabh Bachchan_31.jpg,3
Alexandra Daddario_27.jpg,1
Henry Cavill_77.jpg,15
Tom Cruise_11.jpg,27
Amitabh Bachchan_25.jpg,3
Courtney Cox_56.jpg,11
Andy Samberg_35.jpg,4
Alia Bhatt_50.jpg,2
Brad Pitt_115.jpg,7
Henry Cavill_21.jpg,15
Roger Federer_16.jpg,26
Camila Cabello_70.jpg,8
Hrithik Roshan_80.jpg,16
Roger Federer_76.jpg,26
Virat Kohli_7.jpg,29
Dwayne Johnson_27.jpg,12
Claire Holt_56.jpg,10
Brad Pitt_95.jpg,7
Billie Eilish_57.jpg,6
Akshay Kumar_48.jpg,0
Claire Holt_54.jpg,10
Brad Pitt_32.jpg,7
Zac Efron_38.jpg,30
Charlize Theron_43.jpg,9
Henry Cavill_9.jpg,15
Hrithik Roshan_91.jpg,16
Brad Pitt_82.jpg,7
Zac Efron_87.jpg,30
Priyanka Chopra_81.jpg,24
Hrithik Roshan_99.jpg,16
Hrithik Roshan_66.jpg,16
Lisa Kudrow_43.jpg,20
Zac Efron_55.jpg,30
Zac Efron_11.jpg,30
Vijay Deverakonda_59.jpg,28
Priyanka Chopra_98.jpg,24
Jessica Alba_21.jpg,18
Natalie Portman_6.jpg,23
Tom Cruise_18.jpg,27
Zac Efron_12.jpg,30
Andy Samberg_11.jpg,4
Hrithik Roshan_73.jpg,16
Ellen Degeneres_48.jpg,14
Margot Robbie_45.jpg,21
Billie Eilish_79.jpg,6
Roger Federer_24.jpg,26
Robert Downey Jr_105.jpg,25
Jessica Alba_72.jpg,18
Henry Cavill_95.jpg,15
Roger Federer_53.jpg,26
Alia Bhatt_39.jpg,2
Brad Pitt_97.jpg,7
Amitabh Bachchan_2.jpg,3
Billie Eilish_17.jpg,6
Charlize Theron_32.jpg,9
Brad Pitt_3.jpg,7
Priyanka Chopra_55.jpg,24
Elizabeth Olsen_52.jpg,13
Brad Pitt_108.jpg,7
Amitabh Bachchan_70.jpg,3
Robert Downey Jr_59.jpg,25
Natalie Portman_58.jpg,23
Claire Holt_34.jpg,10
Billie Eilish_7.jpg,6
Brad Pitt_34.jpg,7
Marmik_26.jpg,22
Alia Bhatt_58.jpg,2
Charlize Theron_51.jpg,9
Lisa Kudrow_56.jpg,20
Courtney Cox_47.jpg,11
Priyanka Chopra_23.jpg,24
Andy Samberg_62.jpg,4
Alexandra Daddario_48.jpg,1
Natalie Portman_60.jpg,23
Claire Holt_40.jpg,10
Billie Eilish_9.jpg,6
Alia Bhatt_71.jpg,2
Alexandra Daddario_85.jpg,1
Vijay Deverakonda_27.jpg,28
Charlize Theron_1.jpg,9
Andy Samberg_1.jpg,4
Vijay Deverakonda_41.jpg,28
Alia Bhatt_37.jpg,2
Hrithik Roshan_86.jpg,16
Hugh Jackman_86.jpg,17
Roger Federer_56.jpg,26
Brad Pitt_62.jpg,7
Hrithik Roshan_62.jpg,16
Lisa Kudrow_3.jpg,20
Tom Cruise_19.jpg,27
Ellen Degeneres_13.jpg,14
Ellen Degeneres_38.jpg,14
Priyanka Chopra_76.jpg,24
Alia Bhatt_34.jpg,2
Charlize Theron_71.jpg,9
Henry Cavill_49.jpg,15
Alia Bhatt_70.jpg,2
Robert Downey Jr_11.jpg,25
Lisa Kudrow_67.jpg,20
Hrithik Roshan_53.jpg,16
Natalie Portman_102.jpg,23
Natalie Portman_44.jpg,23
Ellen Degeneres_50.jpg,14
Robert Downey Jr_27.jpg,25
Courtney Cox_67.jpg,11
Jessica Alba_41.jpg,18
Vijay Deverakonda_29.jpg,28
Billie Eilish_48.jpg,6
Amitabh Bachchan_43.jpg,3
Virat Kohli_5.jpg,29
Margot Robbie_28.jpg,21
Roger Federer_14.jpg,26
Camila Cabello_83.jpg,8
Hugh Jackman_74.jpg,17
Alia Bhatt_32.jpg,2
Jessica Alba_70.jpg,18
Robert Downey Jr_64.jpg,25
Courtney Cox_72.jpg,11
Vijay Deverakonda_53.jpg,28
Robert Downey Jr_45.jpg,25
Camila Cabello_13.jpg,8
Courtney Cox_73.jpg,11
Roger Federer_1.jpg,26
Margot Robbie_26.jpg,21
Ellen Degeneres_68.jpg,14
Ellen Degeneres_11.jpg,14
Elizabeth Olsen_44.jpg,13
Vijay Deverakonda_38.jpg,28
Alexandra Daddario_64.jpg,1
Margot Robbie_34.jpg,21
Margot Robbie_23.jpg,21
Zac Efron_20.jpg,30
Natalie Portman_22.jpg,23
Priyanka Chopra_21.jpg,24
Margot Robbie_21.jpg,21
Camila Cabello_33.jpg,8
Claire Holt_1.jpg,10
Charlize Theron_33.jpg,9
Jessica Alba_80.jpg,18
Hrithik Roshan_77.jpg,16
Elizabeth Olsen_65.jpg,13
Zac Efron_59.jpg,30
Anushka Sharma_52.jpg,5
Camila Cabello_29.jpg,8
Zac Efron_86.jpg,30
Tom Cruise_31.jpg,27
Vijay Deverakonda_55.jpg,28
Alia Bhatt_72.jpg,2
Priyanka Chopra_13.jpg,24
Hrithik Roshan_37.jpg,16
Lisa Kudrow_7.jpg,20
Camila Cabello_58.jpg,8
Zac Efron_33.jpg,30
Vijay Deverakonda_101.jpg,28
Jessica Alba_2.jpg,18
Hugh Jackman_98.jpg,17
Anushka Sharma_53.jpg,5
Hugh Jackman_31.jpg,17
Robert Downey Jr_51.jpg,25
Alia Bhatt_78.jpg,2
Jessica Alba_12.jpg,18
Henry Cavill_90.jpg,15
Ellen Degeneres_30.jpg,14
Vijay Deverakonda_96.jpg,28
Brad Pitt_52.jpg,7
Ellen Degeneres_0.jpg,14
Courtney Cox_5.jpg,11
Camila Cabello_15.jpg,8
Priyanka Chopra_91.jpg,24
Hrithik Roshan_90.jpg,16
Tom Cruise_15.jpg,27
Robert Downey Jr_0.jpg,25
Natalie Portman_81.jpg,23
Elizabeth Olsen_29.jpg,13
Virat Kohli_14.jpg,29
Charlize Theron_13.jpg,9
Anushka Sharma_40.jpg,5
Marmik_20.jpg,22
Courtney Cox_68.jpg,11
Tom Cruise_17.jpg,27
Andy Samberg_32.jpg,4
Amitabh Bachchan_39.jpg,3
Priyanka Chopra_2.jpg,24
Hugh Jackman_4.jpg,17
Vijay Deverakonda_97.jpg,28
Alexandra Daddario_1.jpg,1
Tom Cruise_40.jpg,27
Robert Downey Jr_50.jpg,25
Jessica Alba_67.jpg,18
Zac Efron_15.jpg,30
Roger Federer_67.jpg,26
Alexandra Daddario_50.jpg,1
Amitabh Bachchan_36.jpg,3
Priyanka Chopra_75.jpg,24
Hugh Jackman_65.jpg,17
Brad Pitt_43.jpg,7
Margot Robbie_49.jpg,21
Courtney Cox_36.jpg,11
Natalie Portman_57.jpg,23
Margot Robbie_16.jpg,21
Anushka Sharma_50.jpg,5
Dwayne Johnson_46.jpg,12
Claire Holt_93.jpg,10
Tom Cruise_51.jpg,27
Jessica Alba_38.jpg,18
Henry Cavill_38.jpg,15
Roger Federer_20.jpg,26
Billie Eilish_31.jpg,6
Roger Federer_35.jpg,26
Anushka Sharma_66.jpg,5
Robert Downey Jr_83.jpg,25
Hugh Jackman_66.jpg,17
Anushka Sharma_6.jpg,5
Charlize Theron_2.jpg,9
Akshay Kumar_36.jpg,0
Jessica Alba_69.jpg,18
Claire Holt_15.jpg,10
Hrithik Roshan_33.jpg,16
Vijay Deverakonda_79.jpg,28
Claire Holt_68.jpg,10
Jessica Alba_96.jpg,18
Billie Eilish_14.jpg,6
Ellen Degeneres_64.jpg,14
Camila Cabello_66.jpg,8
Kashyap_25.jpg,19
Billie Eilish_58.jpg,6
Vijay Deverakonda_30.jpg,28
Amitabh Bachchan_23.jpg,3
Alexandra Daddario_62.jpg,1
Margot Robbie_62.jpg,21
Hugh Jackman_75.jpg,17
Anushka Sharma_39.jpg,5
Hugh Jackman_95.jpg,17
Amitabh Bachchan_37.jpg,3
Zac Efron_64.jpg,30
Roger Federer_10.jpg,26
Vijay Deverakonda_42.jpg,28
Priyanka Chopra_11.jpg,24
Brad Pitt_78.jpg,7
Zac Efron_18.jpg,30
Anushka Sharma_14.jpg,5
Vijay Deverakonda_15.jpg,28
Zac Efron_39.jpg,30
Billie Eilish_75.jpg,6
Ellen Degeneres_57.jpg,14
Ellen Degeneres_33.jpg,14
Henry Cavill_87.jpg,15
Zac Efron_50.jpg,30
Andy Samberg_3.jpg,4
Brad Pitt_76.jpg,7
Lisa Kudrow_11.jpg,20
Anushka Sharma_0.jpg,5
Ellen Degeneres_58.jpg,14
Claire Holt_89.jpg,10
Hrithik Roshan_7.jpg,16
Henry Cavill_39.jpg,15
Margot Robbie_32.jpg,21
Roger Federer_45.jpg,26
Hugh Jackman_14.jpg,17
Alexandra Daddario_54.jpg,1
Anushka Sharma_3.jpg,5
Dwayne Johnson_54.jpg,12
Amitabh Bachchan_45.jpg,3
Virat Kohli_13.jpg,29
Robert Downey Jr_16.jpg,25
Robert Downey Jr_31.jpg,25
Priyanka Chopra_92.jpg,24
Alia Bhatt_42.jpg,2
Robert Downey Jr_13.jpg,25
Brad Pitt_16.jpg,7
Margot Robbie_36.jpg,21
Ellen Degeneres_52.jpg,14
Roger Federer_50.jpg,26
Brad Pitt_17.jpg,7
Brad Pitt_45.jpg,7
Hrithik Roshan_39.jpg,16
Amitabh Bachchan_72.jpg,3
Alexandra Daddario_91.jpg,1
Lisa Kudrow_66.jpg,20
Elizabeth Olsen_11.jpg,13
Hrithik Roshan_3.jpg,16
Priyanka Chopra_88.jpg,24
Zac Efron_57.jpg,30
Priyanka Chopra_58.jpg,24
Natalie Portman_7.jpg,23
Billie Eilish_56.jpg,6
Ellen Degeneres_49.jpg,14
Vijay Deverakonda_45.jpg,28
Jessica Alba_7.jpg,18
Amitabh Bachchan_32.jpg,3
Brad Pitt_109.jpg,7
Henry Cavill_58.jpg,15
Jessica Alba_18.jpg,18
Zac Efron_1.jpg,30
Andy Samberg_56.jpg,4
Kashyap_16.jpg,19
Camila Cabello_6.jpg,8
Akshay Kumar_35.jpg,0
Claire Holt_67.jpg,10
Brad Pitt_111.jpg,7
Priyanka Chopra_47.jpg,24
Vijay Deverakonda_16.jpg,28
Camila Cabello_77.jpg,8
Henry Cavill_27.jpg,15
Billie Eilish_45.jpg,6
Alia Bhatt_22.jpg,2
Marmik_2.jpg,22
Hrithik Roshan_28.jpg,16
Brad Pitt_5.jpg,7
Brad Pitt_42.jpg,7
Brad Pitt_38.jpg,7
Andy Samberg_42.jpg,4
Natalie Portman_67.jpg,23
Roger Federer_71.jpg,26
Elizabeth Olsen_3.jpg,13
Natalie Portman_71.jpg,23
Jessica Alba_91.jpg,18
Hrithik Roshan_69.jpg,16
Andy Samberg_61.jpg,4
Marmik_9.jpg,22
Alia Bhatt_69.jpg,2
Courtney Cox_79.jpg,11
Natalie Portman_79.jpg,23
Priyanka Chopra_26.jpg,24
Hrithik Roshan_78.jpg,16
Priyanka Chopra_57.jpg,24
Brad Pitt_1.jpg,7
Zac Efron_3.jpg,30
Elizabeth Olsen_37.jpg,13
Priyanka Chopra_82.jpg,24
Jessica Alba_65.jpg,18
Margot Robbie_63.jpg,21
Lisa Kudrow_39.jpg,20
Priyanka Chopra_54.jpg,24
Alia Bhatt_60.jpg,2
Amitabh Bachchan_16.jpg,3
Charlize Theron_56.jpg,9
Billie Eilish_16.jpg,6
Roger Federer_7.jpg,26
Hrithik Roshan_23.jpg,16
Zac Efron_42.jpg,30
Hugh Jackman_54.jpg,17
Andy Samberg_27.jpg,4
Kashyap_21.jpg,19
Roger Federer_49.jpg,26
Vijay Deverakonda_35.jpg,28
Alexandra Daddario_26.jpg,1
Hrithik Roshan_57.jpg,16
Dwayne Johnson_41.jpg,12
Alexandra Daddario_86.jpg,1
Charlize Theron_62.jpg,9
Courtney Cox_69.jpg,11
Hugh Jackman_11.jpg,17
Dwayne Johnson_36.jpg,12
Henry Cavill_41.jpg,15
Amitabh Bachchan_18.jpg,3
Billie Eilish_66.jpg,6
Lisa Kudrow_37.jpg,20
Camila Cabello_14.jpg,8
Jessica Alba_66.jpg,18
Henry Cavill_68.jpg,15
Dwayne Johnson_48.jpg,12
Vijay Deverakonda_26.jpg,28
Billie Eilish_36.jpg,6
Billie Eilish_33.jpg,6
Lisa Kudrow_48.jpg,20
Henry Cavill_55.jpg,15
Amitabh Bachchan_61.jpg,3
Billie Eilish_69.jpg,6
Zac Efron_90.jpg,30
Billie Eilish_30.jpg,6
Hugh Jackman_64.jpg,17
Ellen Degeneres_65.jpg,14
Henry Cavill_104.jpg,15
Andy Samberg_33.jpg,4
Roger Federer_61.jpg,26
Brad Pitt_110.jpg,7
Billie Eilish_74.jpg,6
Charlize Theron_35.jpg,9
Jessica Alba_49.jpg,18
Amitabh Bachchan_41.jpg,3
Anushka Sharma_28.jpg,5
Vijay Deverakonda_112.jpg,28
Anushka Sharma_57.jpg,5
Alexandra Daddario_32.jpg,1
Jessica Alba_4.jpg,18
Marmik_22.jpg,22
Dwayne Johnson_26.jpg,12
Elizabeth Olsen_26.jpg,13
Elizabeth Olsen_22.jpg,13
Elizabeth Olsen_31.jpg,13
Hrithik Roshan_38.jpg,16
Billie Eilish_37.jpg,6
Zac Efron_89.jpg,30
Alia Bhatt_15.jpg,2
Henry Cavill_34.jpg,15
Brad Pitt_49.jpg,7
Hugh Jackman_92.jpg,17
Ellen Degeneres_61.jpg,14
Lisa Kudrow_19.jpg,20
Brad Pitt_79.jpg,7
Brad Pitt_51.jpg,7
Brad Pitt_35.jpg,7
Vijay Deverakonda_88.jpg,28
Anushka Sharma_55.jpg,5
Billie Eilish_10.jpg,6
Alia Bhatt_28.jpg,2
Anushka Sharma_22.jpg,5
Henry Cavill_66.jpg,15
Billie Eilish_77.jpg,6
Hugh Jackman_19.jpg,17
Alia Bhatt_30.jpg,2
Claire Holt_8.jpg,10
Vijay Deverakonda_67.jpg,28
Henry Cavill_48.jpg,15
Hrithik Roshan_83.jpg,16
Akshay Kumar_9.jpg,0
Alexandra Daddario_24.jpg,1
Robert Downey Jr_84.jpg,25
Vijay Deverakonda_62.jpg,28
Vijay Deverakonda_61.jpg,28
Akshay Kumar_8.jpg,0
Charlize Theron_46.jpg,9
Priyanka Chopra_48.jpg,24
Hugh Jackman_104.jpg,17
Elizabeth Olsen_17.jpg,13
Alexandra Daddario_76.jpg,1
Hugh Jackman_45.jpg,17
Claire Holt_65.jpg,10
Billie Eilish_23.jpg,6
Lisa Kudrow_23.jpg,20
Natalie Portman_97.jpg,23
Charlize Theron_64.jpg,9
Akshay Kumar_31.jpg,0
Virat Kohli_32.jpg,29
Jessica Alba_36.jpg,18
Claire Holt_26.jpg,10
Lisa Kudrow_14.jpg,20
Kashyap_17.jpg,19
Robert Downey Jr_1.jpg,25
Claire Holt_25.jpg,10
Kashyap_28.jpg,19
Virat Kohli_8.jpg,29
Priyanka Chopra_17.jpg,24
Andy Samberg_69.jpg,4
Elizabeth Olsen_62.jpg,13
Henry Cavill_10.jpg,15
Natalie Portman_72.jpg,23
Robert Downey Jr_91.jpg,25
Camila Cabello_4.jpg,8
Roger Federer_74.jpg,26
Ellen Degeneres_24.jpg,14
Natalie Portman_11.jpg,23
Amitabh Bachchan_26.jpg,3
Zac Efron_79.jpg,30
Hrithik Roshan_18.jpg,16
Jessica Alba_23.jpg,18
Lisa Kudrow_60.jpg,20
Andy Samberg_59.jpg,4
Vijay Deverakonda_32.jpg,28
Margot Robbie_24.jpg,21
Robert Downey Jr_22.jpg,25
Vijay Deverakonda_51.jpg,28
Tom Cruise_45.jpg,27
Vijay Deverakonda_69.jpg,28
Henry Cavill_62.jpg,15
Marmik_27.jpg,22
Robert Downey Jr_38.jpg,25
Dwayne Johnson_12.jpg,12
Hrithik Roshan_72.jpg,16
Priyanka Chopra_7.jpg,24
Priyanka Chopra_93.jpg,24
Charlize Theron_76.jpg,9
Tom Cruise_54.jpg,27
Vijay Deverakonda_104.jpg,28
Courtney Cox_18.jpg,11
Natalie Portman_91.jpg,23
Roger Federer_54.jpg,26
Alexandra Daddario_75.jpg,1
Camila Cabello_71.jpg,8
Virat Kohli_45.jpg,29
Anushka Sharma_26.jpg,5
Elizabeth Olsen_34.jpg,13
Jessica Alba_30.jpg,18
Hrithik Roshan_16.jpg,16
Billie Eilish_47.jpg,6
Jessica Alba_94.jpg,18
Andy Samberg_51.jpg,4
Marmik_0.jpg,22
Andy Samberg_12.jpg,4
Brad Pitt_9.jpg,7
Courtney Cox_16.jpg,11
Charlize Theron_28.jpg,9
Brad Pitt_8.jpg,7
Margot Robbie_2.jpg,21
Alia Bhatt_9.jpg,2
Vijay Deverakonda_14.jpg,28
Priyanka Chopra_94.jpg,24
Virat Kohli_12.jpg,29
Alexandra Daddario_4.jpg,1
Natalie Portman_4.jpg,23
Amitabh Bachchan_5.jpg,3
Hrithik Roshan_64.jpg,16
Amitabh Bachchan_71.jpg,3
Robert Downey Jr_65.jpg,25
Natalie Portman_36.jpg,23
Anushka Sharma_35.jpg,5
Billie Eilish_24.jpg,6
Jessica Alba_77.jpg,18
Robert Downey Jr_43.jpg,25
Zac Efron_17.jpg,30
Ellen Degeneres_20.jpg,14
Claire Holt_48.jpg,10
Zac Efron_83.jpg,30
Dwayne Johnson_22.jpg,12
Amitabh Bachchan_60.jpg,3
Elizabeth Olsen_53.jpg,13
Courtney Cox_40.jpg,11
Elizabeth Olsen_0.jpg,13
Akshay Kumar_25.jpg,0
Henry Cavill_70.jpg,15
Claire Holt_3.jpg,10
Jessica Alba_63.jpg,18
Dwayne Johnson_20.jpg,12
Courtney Cox_34.jpg,11
Henry Cavill_24.jpg,15
Charlize Theron_8.jpg,9
Henry Cavill_46.jpg,15
Jessica Alba_34.jpg,18
Kashyap_7.jpg,19
Elizabeth Olsen_56.jpg,13
Hugh Jackman_15.jpg,17
Alia Bhatt_8.jpg,2
Courtney Cox_25.jpg,11
Henry Cavill_22.jpg,15
Andy Samberg_16.jpg,4
Marmik_13.jpg,22
Camila Cabello_27.jpg,8
Jessica Alba_102.jpg,18
Robert Downey Jr_70.jpg,25
Andy Samberg_53.jpg,4
Natalie Portman_18.jpg,23
Hrithik Roshan_47.jpg,16
Zac Efron_78.jpg,30
Camila Cabello_38.jpg,8
Hrithik Roshan_58.jpg,16
Dwayne Johnson_19.jpg,12
Brad Pitt_67.jpg,7
Elizabeth Olsen_40.jpg,13
Ellen Degeneres_54.jpg,14
Tom Cruise_8.jpg,27
Alia Bhatt_54.jpg,2
Alia Bhatt_38.jpg,2
Zac Efron_81.jpg,30
Natalie Portman_80.jpg,23
Lisa Kudrow_61.jpg,20
Priyanka Chopra_46.jpg,24
Vijay Deverakonda_109.jpg,28
Alexandra Daddario_8.jpg,1
Andy Samberg_5.jpg,4
Margot Robbie_22.jpg,21
Robert Downey Jr_40.jpg,25
Tom Cruise_33.jpg,27
Andy Samberg_2.jpg,4
Andy Samberg_89.jpg,4
Hrithik Roshan_17.jpg,16
Vijay Deverakonda_56.jpg,28
Tom Cruise_53.jpg,27
Alia Bhatt_40.jpg,2
Anushka Sharma_44.jpg,5
Claire Holt_37.jpg,10
Marmik_21.jpg,22
Charlize Theron_60.jpg,9
Courtney Cox_33.jpg,11
Alia Bhatt_47.jpg,2
Zac Efron_41.jpg,30
Robert Downey Jr_110.jpg,25
Lisa Kudrow_47.jpg,20
Margot Robbie_59.jpg,21
Dwayne Johnson_51.jpg,12
Claire Holt_11.jpg,10
Vijay Deverakonda_85.jpg,28
Billie Eilish_4.jpg,6
Priyanka Chopra_84.jpg,24
Priyanka Chopra_96.jpg,24
Vijay Deverakonda_103.jpg,28
Robert Downey Jr_39.jpg,25
Lisa Kudrow_54.jpg,20
Jessica Alba_16.jpg,18
Charlize Theron_12.jpg,9
Alexandra Daddario_70.jpg,1
Jessica Alba_85.jpg,18
Amitabh Bachchan_63.jpg,3
Roger Federer_72.jpg,26
Zac Efron_32.jpg,30
Natalie Portman_73.jpg,23
Vijay Deverakonda_72.jpg,28
Camila Cabello_50.jpg,8
Roger Federer_28.jpg,26
Ellen Degeneres_37.jpg,14
Andy Samberg_73.jpg,4
Hrithik Roshan_92.jpg,16
Brad Pitt_10.jpg,7
Hrithik Roshan_13.jpg,16
Priyanka Chopra_60.jpg,24
Virat Kohli_10.jpg,29
Jessica Alba_57.jpg,18
Alia Bhatt_64.jpg,2
Margot Robbie_3.jpg,21
Alexandra Daddario_72.jpg,1
Amitabh Bachchan_65.jpg,3
Brad Pitt_118.jpg,7
Zac Efron_16.jpg,30
Virat Kohli_16.jpg,29
Hugh Jackman_51.jpg,17
Amitabh Bachchan_58.jpg,3
Dwayne Johnson_39.jpg,12
Claire Holt_94.jpg,10
Andy Samberg_68.jpg,4
Hugh Jackman_72.jpg,17
Courtney Cox_44.jpg,11
Natalie Portman_48.jpg,23
Brad Pitt_6.jpg,7
Jessica Alba_75.jpg,18
Claire Holt_46.jpg,10
Amitabh Bachchan_68.jpg,3
Courtney Cox_14.jpg,11
Claire Holt_41.jpg,10
Elizabeth Olsen_2.jpg,13
Henry Cavill_61.jpg,15
Anushka Sharma_41.jpg,5
Natalie Portman_46.jpg,23
Henry Cavill_94.jpg,15
Kashyap_26.jpg,19
Roger Federer_13.jpg,26
Alexandra Daddario_22.jpg,1
Natalie Portman_12.jpg,23
Jessica Alba_22.jpg,18
Robert Downey Jr_25.jpg,25
Charlize Theron_47.jpg,9
Amitabh Bachchan_17.jpg,3
Lisa Kudrow_55.jpg,20
Vijay Deverakonda_86.jpg,28
Roger Federer_60.jpg,26
Elizabeth Olsen_13.jpg,13
Hrithik Roshan_60.jpg,16
Charlize Theron_52.jpg,9
Dwayne Johnson_47.jpg,12
Hugh Jackman_2.jpg,17
Andy Samberg_80.jpg,4
Claire Holt_10.jpg,10
Lisa Kudrow_40.jpg,20
Henry Cavill_76.jpg,15
Andy Samberg_10.jpg,4
Brad Pitt_31.jpg,7
Jessica Alba_104.jpg,18
Alexandra Daddario_53.jpg,1
Claire Holt_75.jpg,10
Courtney Cox_15.jpg,11
Henry Cavill_74.jpg,15
Billie Eilish_76.jpg,6
Henry Cavill_73.jpg,15
Charlize Theron_15.jpg,9
Henry Cavill_47.jpg,15
Brad Pitt_66.jpg,7
Zac Efron_44.jpg,30
Alia Bhatt_48.jpg,2
Jessica Alba_97.jpg,18
Dwayne Johnson_29.jpg,12
Robert Downey Jr_8.jpg,25
Dwayne Johnson_11.jpg,12
Natalie Portman_17.jpg,23
Claire Holt_55.jpg,10
Billie Eilish_6.jpg,6
Zac Efron_74.jpg,30
Ellen Degeneres_53.jpg,14
Vijay Deverakonda_64.jpg,28
Robert Downey Jr_68.jpg,25
Brad Pitt_4.jpg,7
Elizabeth Olsen_33.jpg,13
Claire Holt_71.jpg,10
Alia Bhatt_17.jpg,2
Robert Downey Jr_81.jpg,25
Courtney Cox_19.jpg,11
Priyanka Chopra_56.jpg,24
Priyanka Chopra_20.jpg,24
Courtney Cox_37.jpg,11
Vijay Deverakonda_19.jpg,28
Akshay Kumar_3.jpg,0
Alia Bhatt_23.jpg,2
Jessica Alba_44.jpg,18
Andy Samberg_41.jpg,4
Dwayne Johnson_49.jpg,12
Virat Kohli_31.jpg,29
Natalie Portman_85.jpg,23
Anushka Sharma_60.jpg,5
Zac Efron_45.jpg,30
Hugh Jackman_73.jpg,17
Virat Kohli_21.jpg,29
Brad Pitt_71.jpg,7
Henry Cavill_81.jpg,15
Andy Samberg_23.jpg,4
Andy Samberg_6.jpg,4
Billie Eilish_93.jpg,6
Hrithik Roshan_94.jpg,16
Hugh Jackman_40.jpg,17
Ellen Degeneres_45.jpg,14
Andy Samberg_19.jpg,4
Amitabh Bachchan_69.jpg,3
Camila Cabello_28.jpg,8
Claire Holt_76.jpg,10
Brad Pitt_60.jpg,7
Robert Downey Jr_28.jpg,25
Natalie Portman_5.jpg,23
Robert Downey Jr_6.jpg,25
Lisa Kudrow_63.jpg,20
Hugh Jackman_26.jpg,17
Lisa Kudrow_69.jpg,20
Vijay Deverakonda_22.jpg,28
Kashyap_29.jpg,19
Hugh Jackman_90.jpg,17
Natalie Portman_13.jpg,23
Claire Holt_86.jpg,10
Jessica Alba_5.jpg,18
Ellen Degeneres_7.jpg,14
Akshay Kumar_20.jpg,0
Dwayne Johnson_25.jpg,12
Vijay Deverakonda_9.jpg,28
Billie Eilish_62.jpg,6
Anushka Sharma_29.jpg,5
Margot Robbie_46.jpg,21
Andy Samberg_25.jpg,4
Priyanka Chopra_14.jpg,24
Kashyap_24.jpg,19
Charlize Theron_53.jpg,9
Courtney Cox_22.jpg,11
Ellen Degeneres_26.jpg,14
Andy Samberg_88.jpg,4
Vijay Deverakonda_2.jpg,28
Tom Cruise_10.jpg,27
Charlize Theron_54.jpg,9
Ellen Degeneres_39.jpg,14
Margot Robbie_6.jpg,21
Elizabeth Olsen_30.jpg,13
Amitabh Bachchan_47.jpg,3
Dwayne Johnson_0.jpg,12
Roger Federer_48.jpg,26
Vijay Deverakonda_7.jpg,28
Anushka Sharma_34.jpg,5
Amitabh Bachchan_1.jpg,3
Andy Samberg_66.jpg,4
Henry Cavill_15.jpg,15
Courtney Cox_11.jpg,11
Akshay Kumar_16.jpg,0
Priyanka Chopra_28.jpg,24
Andy Samberg_28.jpg,4
Andy Samberg_17.jpg,4
Anushka Sharma_45.jpg,5
Alexandra Daddario_59.jpg,1
Jessica Alba_25.jpg,18
Alexandra Daddario_73.jpg,1
Vijay Deverakonda_36.jpg,28
Robert Downey Jr_93.jpg,25
Claire Holt_35.jpg,10
Hrithik Roshan_61.jpg,16
Virat Kohli_46.jpg,29
Henry Cavill_69.jpg,15
Alexandra Daddario_68.jpg,1
Dwayne Johnson_3.jpg,12
Camila Cabello_73.jpg,8
Claire Holt_30.jpg,10
Jessica Alba_9.jpg,18
Vijay Deverakonda_73.jpg,28
Hugh Jackman_42.jpg,17
Henry Cavill_84.jpg,15
Brad Pitt_99.jpg,7
Vijay Deverakonda_48.jpg,28
Virat Kohli_2.jpg,29
Virat Kohli_18.jpg,29
Andy Samberg_21.jpg,4
Brad Pitt_25.jpg,7
Billie Eilish_15.jpg,6
Dwayne Johnson_33.jpg,12
Akshay Kumar_5.jpg,0
Margot Robbie_20.jpg,21
Courtney Cox_7.jpg,11
Billie Eilish_97.jpg,6
Alexandra Daddario_42.jpg,1
Camila Cabello_24.jpg,8
Robert Downey Jr_41.jpg,25
Kashyap_9.jpg,19
Zac Efron_10.jpg,30
Lisa Kudrow_26.jpg,20
Henry Cavill_1.jpg,15
Charlize Theron_45.jpg,9
Robert Downey Jr_49.jpg,25
Andy Samberg_13.jpg,4
Jessica Alba_62.jpg,18
Billie Eilish_89.jpg,6
Natalie Portman_25.jpg,23
Tom Cruise_30.jpg,27
Billie Eilish_44.jpg,6
Andy Samberg_72.jpg,4
Vijay Deverakonda_106.jpg,28
Kashyap_15.jpg,19
Amitabh Bachchan_56.jpg,3
Charlize Theron_34.jpg,9
Alexandra Daddario_28.jpg,1
Henry Cavill_79.jpg,15
Natalie Portman_52.jpg,23
Alexandra Daddario_20.jpg,1
Anushka Sharma_15.jpg,5
Hrithik Roshan_95.jpg,16
Andy Samberg_52.jpg,4
Vijay Deverakonda_12.jpg,28
Hugh Jackman_17.jpg,17
Billie Eilish_5.jpg,6
Margot Robbie_15.jpg,21
Hugh Jackman_99.jpg,17
Camila Cabello_12.jpg,8
Elizabeth Olsen_16.jpg,13
Roger Federer_65.jpg,26
Robert Downey Jr_86.jpg,25
Jessica Alba_61.jpg,18
Amitabh Bachchan_55.jpg,3
Zac Efron_60.jpg,30
Alia Bhatt_66.jpg,2
Camila Cabello_63.jpg,8
Alia Bhatt_18.jpg,2
Claire Holt_91.jpg,10
Brad Pitt_101.jpg,7
Priyanka Chopra_37.jpg,24
Andy Samberg_83.jpg,4
Hugh Jackman_52.jpg,17
Billie Eilish_81.jpg,6
Lisa Kudrow_50.jpg,20
Robert Downey Jr_78.jpg,25
Vijay Deverakonda_23.jpg,28
Alia Bhatt_6.jpg,2
Brad Pitt_105.jpg,7
Camila Cabello_2.jpg,8
Natalie Portman_96.jpg,23
Brad Pitt_24.jpg,7
Billie Eilish_67.jpg,6
Andy Samberg_20.jpg,4
Brad Pitt_37.jpg,7
Roger Federer_43.jpg,26
Hugh Jackman_22.jpg,17
Alexandra Daddario_17.jpg,1
Brad Pitt_18.jpg,7
Elizabeth Olsen_57.jpg,13
Alia Bhatt_68.jpg,2
Billie Eilish_41.jpg,6
Virat Kohli_43.jpg,29
Charlize Theron_31.jpg,9
Virat Kohli_37.jpg,29
Zac Efron_24.jpg,30
Charlize Theron_38.jpg,9
Charlize Theron_73.jpg,9
Alia Bhatt_27.jpg,2
Roger Federer_19.jpg,26
Billie Eilish_73.jpg,6
Claire Holt_57.jpg,10
Priyanka Chopra_45.jpg,24
Amitabh Bachchan_40.jpg,3
Billie Eilish_55.jpg,6
Andy Samberg_91.jpg,4
Roger Federer_11.jpg,26
Tom Cruise_41.jpg,27
Roger Federer_52.jpg,26
Elizabeth Olsen_21.jpg,13
Priyanka Chopra_31.jpg,24
Tom Cruise_20.jpg,27
Akshay Kumar_27.jpg,0
Hugh Jackman_41.jpg,17
Anushka Sharma_56.jpg,5
Priyanka Chopra_40.jpg,24
Andy Samberg_87.jpg,4
Lisa Kudrow_4.jpg,20
Henry Cavill_98.jpg,15
Billie Eilish_84.jpg,6
Dwayne Johnson_60.jpg,12
Hugh Jackman_68.jpg,17
Alexandra Daddario_39.jpg,1
Courtney Cox_6.jpg,11
Henry Cavill_4.jpg,15
Hrithik Roshan_51.jpg,16
Claire Holt_5.jpg,10
Hrithik Roshan_34.jpg,16
Margot Robbie_66.jpg,21
Marmik_24.jpg,22
Claire Holt_52.jpg,10
Amitabh Bachchan_53.jpg,3
Hrithik Roshan_68.jpg,16
Hugh Jackman_1.jpg,17
Robert Downey Jr_47.jpg,25
Vijay Deverakonda_110.jpg,28
Robert Downey Jr_112.jpg,25
Ellen Degeneres_44.jpg,14
Elizabeth Olsen_47.jpg,13
Anushka Sharma_47.jpg,5
Henry Cavill_18.jpg,15
Tom Cruise_1.jpg,27
Tom Cruise_2.jpg,27
Billie Eilish_11.jpg,6
Hrithik Roshan_56.jpg,16
Claire Holt_9.jpg,10
Alexandra Daddario_34.jpg,1
Zac Efron_26.jpg,30
Henry Cavill_50.jpg,15
Akshay Kumar_38.jpg,0
Claire Holt_70.jpg,10
Vijay Deverakonda_11.jpg,28
Dwayne Johnson_4.jpg,12
Vijay Deverakonda_25.jpg,28
Andy Samberg_86.jpg,4
Jessica Alba_107.jpg,18
Amitabh Bachchan_13.jpg,3
Hugh Jackman_76.jpg,17
Henry Cavill_32.jpg,15
Camila Cabello_47.jpg,8
Margot Robbie_67.jpg,21
Camila Cabello_20.jpg,8
Roger Federer_22.jpg,26
Jessica Alba_47.jpg,18
Andy Samberg_18.jpg,4
Alia Bhatt_7.jpg,2
Roger Federer_42.jpg,26
Robert Downey Jr_94.jpg,25
Zac Efron_70.jpg,30
Zac Efron_47.jpg,30
Priyanka Chopra_74.jpg,24
Henry Cavill_44.jpg,15
Robert Downey Jr_15.jpg,25
Jessica Alba_50.jpg,18
Ellen Degeneres_9.jpg,14
Priyanka Chopra_50.jpg,24
Alia Bhatt_53.jpg,2
Henry Cavill_5.jpg,15
Elizabeth Olsen_61.jpg,13
Zac Efron_51.jpg,30
Billie Eilish_34.jpg,6
Virat Kohli_28.jpg,29
Claire Holt_79.jpg,10
Hugh Jackman_93.jpg,17
Amitabh Bachchan_6.jpg,3
Courtney Cox_58.jpg,11
Marmik_31.jpg,22
Amitabh Bachchan_0.jpg,3
Ellen Degeneres_51.jpg,14
Brad Pitt_114.jpg,7
Anushka Sharma_30.jpg,5
Hrithik Roshan_55.jpg,16
Courtney Cox_62.jpg,11
Dwayne Johnson_58.jpg,12
Lisa Kudrow_38.jpg,20
Brad Pitt_2.jpg,7
Robert Downey Jr_109.jpg,25
Zac Efron_85.jpg,30
Hugh Jackman_50.jpg,17
Camila Cabello_1.jpg,8
Robert Downey Jr_29.jpg,25
Claire Holt_24.jpg,10
Anushka Sharma_63.jpg,5
Lisa Kudrow_65.jpg,20
Henry Cavill_0.jpg,15
Margot Robbie_64.jpg,21
Tom Cruise_39.jpg,27
Amitabh Bachchan_9.jpg,3
Brad Pitt_22.jpg,7
Hugh Jackman_38.jpg,17
Marmik_8.jpg,22
Dwayne Johnson_45.jpg,12
Margot Robbie_57.jpg,21
Anushka Sharma_43.jpg,5
Billie Eilish_80.jpg,6
Hrithik Roshan_4.jpg,16
Robert Downey Jr_67.jpg,25
Dwayne Johnson_44.jpg,12
Priyanka Chopra_100.jpg,24
Hrithik Roshan_2.jpg,16
Hugh Jackman_20.jpg,17
Jessica Alba_28.jpg,18
Tom Cruise_27.jpg,27
Natalie Portman_77.jpg,23
Brad Pitt_100.jpg,7
Vijay Deverakonda_111.jpg,28
Elizabeth Olsen_25.jpg,13
Tom Cruise_42.jpg,27
Brad Pitt_113.jpg,7
Andy Samberg_60.jpg,4
Alexandra Daddario_46.jpg,1
Robert Downey Jr_9.jpg,25
Margot Robbie_38.jpg,21
Zac Efron_67.jpg,30
Margot Robbie_41.jpg,21
Priyanka Chopra_36.jpg,24
Robert Downey Jr_69.jpg,25
Andy Samberg_57.jpg,4
Vijay Deverakonda_50.jpg,28
Vijay Deverakonda_4.jpg,28
Natalie Portman_66.jpg,23
Hrithik Roshan_30.jpg,16
Dwayne Johnson_8.jpg,12
Virat Kohli_15.jpg,29
Vijay Deverakonda_93.jpg,28
Robert Downey Jr_56.jpg,25
Anushka Sharma_8.jpg,5
Claire Holt_77.jpg,10
Hrithik Roshan_41.jpg,16
Akshay Kumar_42.jpg,0
Courtney Cox_45.jpg,11
Marmik_17.jpg,22
Hugh Jackman_105.jpg,17
Akshay Kumar_44.jpg,0
Vijay Deverakonda_100.jpg,28
Alia Bhatt_33.jpg,2
Natalie Portman_104.jpg,23
Tom Cruise_28.jpg,27
Jessica Alba_99.jpg,18
Brad Pitt_64.jpg,7
Jessica Alba_40.jpg,18
Brad Pitt_14.jpg,7
Jessica Alba_68.jpg,18
Claire Holt_58.jpg,10
Charlize Theron_27.jpg,9
Alia Bhatt_24.jpg,2
Elizabeth Olsen_63.jpg,13
Roger Federer_23.jpg,26
Alexandra Daddario_19.jpg,1
Claire Holt_19.jpg,10
Jessica Alba_76.jpg,18
Zac Efron_0.jpg,30
Dwayne Johnson_35.jpg,12
Hrithik Roshan_87.jpg,16
Ellen Degeneres_46.jpg,14
Dwayne Johnson_6.jpg,12
Alexandra Daddario_11.jpg,1
Jessica Alba_78.jpg,18
Billie Eilish_54.jpg,6
Camila Cabello_80.jpg,8
Hugh Jackman_16.jpg,17
Hugh Jackman_58.jpg,17
Hugh Jackman_28.jpg,17
Elizabeth Olsen_46.jpg,13
Robert Downey Jr_37.jpg,25
Charlize Theron_19.jpg,9
Vijay Deverakonda_78.jpg,28
Tom Cruise_47.jpg,27
Elizabeth Olsen_18.jpg,13
Jessica Alba_103.jpg,18
Priyanka Chopra_69.jpg,24
Margot Robbie_7.jpg,21
Henry Cavill_105.jpg,15
Natalie Portman_2.jpg,23
Henry Cavill_30.jpg,15
Courtney Cox_35.jpg,11
Robert Downey Jr_2.jpg,25
Anushka Sharma_19.jpg,5
Brad Pitt_19.jpg,7
Courtney Cox_21.jpg,11
Camila Cabello_37.jpg,8
Anushka Sharma_49.jpg,5
Amitabh Bachchan_73.jpg,3
Natalie Portman_89.jpg,23
Hugh Jackman_79.jpg,17
Jessica Alba_58.jpg,18
Akshay Kumar_10.jpg,0
Brad Pitt_119.jpg,7
Natalie Portman_29.jpg,23
Andy Samberg_49.jpg,4
Hrithik Roshan_8.jpg,16
Claire Holt_88.jpg,10
Amitabh Bachchan_49.jpg,3
Andy Samberg_82.jpg,4
Amitabh Bachchan_54.jpg,3
Camila Cabello_3.jpg,8
Lisa Kudrow_29.jpg,20
Amitabh Bachchan_3.jpg,3
Priyanka Chopra_99.jpg,24
Billie Eilish_28.jpg,6
Margot Robbie_10.jpg,21
Priyanka Chopra_63.jpg,24
Hrithik Roshan_29.jpg,16
Henry Cavill_102.jpg,15
Hrithik Roshan_43.jpg,16
Amitabh Bachchan_35.jpg,3
Anushka Sharma_32.jpg,5
Margot Robbie_40.jpg,21
Lisa Kudrow_58.jpg,20
Andy Samberg_22.jpg,4
Claire Holt_59.jpg,10
Elizabeth Olsen_6.jpg,13
Zac Efron_2.jpg,30
Akshay Kumar_22.jpg,0
Camila Cabello_52.jpg,8
Roger Federer_8.jpg,26
Courtney Cox_51.jpg,11
Robert Downey Jr_88.jpg,25
Robert Downey Jr_102.jpg,25
Andy Samberg_70.jpg,4
Hugh Jackman_29.jpg,17
Alia Bhatt_45.jpg,2
Courtney Cox_55.jpg,11
Hugh Jackman_24.jpg,17
Henry Cavill_64.jpg,15
Henry Cavill_101.jpg,15
Elizabeth Olsen_50.jpg,13
Alia Bhatt_5.jpg,2
Brad Pitt_50.jpg,7
Vijay Deverakonda_1.jpg,28
Ellen Degeneres_35.jpg,14
Brad Pitt_46.jpg,7
Jessica Alba_33.jpg,18
Courtney Cox_63.jpg,11
Courtney Cox_0.jpg,11
Andy Samberg_78.jpg,4
Hrithik Roshan_79.jpg,16
Brad Pitt_27.jpg,7
Camila Cabello_57.jpg,8
Natalie Portman_8.jpg,23
Camila Cabello_21.jpg,8
Lisa Kudrow_68.jpg,20
Alexandra Daddario_87.jpg,1
Brad Pitt_59.jpg,7
Andy Samberg_44.jpg,4
Jessica Alba_14.jpg,18
Natalie Portman_37.jpg,23
Elizabeth Olsen_4.jpg,13
Henry Cavill_42.jpg,15
Natalie Portman_24.jpg,23
Camila Cabello_42.jpg,8
Dwayne Johnson_31.jpg,12
Hrithik Roshan_50.jpg,16
Hugh Jackman_8.jpg,17
Vijay Deverakonda_40.jpg,28
Elizabeth Olsen_42.jpg,13
Billie Eilish_18.jpg,6
Lisa Kudrow_20.jpg,20
Zac Efron_65.jpg,30
Natalie Portman_90.jpg,23
Elizabeth Olsen_35.jpg,13
Hugh Jackman_23.jpg,17
Andy Samberg_48.jpg,4
Hugh Jackman_85.jpg,17
Virat Kohli_22.jpg,29
Priyanka Chopra_35.jpg,24
Henry Cavill_12.jpg,15
Robert Downey Jr_82.jpg,25
Charlize Theron_6.jpg,9
Dwayne Johnson_57.jpg,12
Amitabh Bachchan_57.jpg,3
Margot Robbie_43.jpg,21
Claire Holt_33.jpg,10
Alexandra Daddario_55.jpg,1
Jessica Alba_73.jpg,18
Alexandra Daddario_60.jpg,1
Zac Efron_80.jpg,30
Jessica Alba_17.jpg,18
Hugh Jackman_34.jpg,17
Henry Cavill_6.jpg,15
Hugh Jackman_106.jpg,17
Margot Robbie_56.jpg,21
Jessica Alba_64.jpg,18
Tom Cruise_0.jpg,27
Camila Cabello_44.jpg,8
Alexandra Daddario_29.jpg,1
Natalie Portman_38.jpg,23
Virat Kohli_47.jpg,29
Billie Eilish_32.jpg,6
Margot Robbie_0.jpg,21
Vijay Deverakonda_17.jpg,28
Ellen Degeneres_31.jpg,14
Robert Downey Jr_26.jpg,25
Hugh Jackman_7.jpg,17
Anushka Sharma_25.jpg,5
Camila Cabello_85.jpg,8
Vijay Deverakonda_83.jpg,28
Lisa Kudrow_30.jpg,20
Vijay Deverakonda_0.jpg,28
Robert Downey Jr_14.jpg,25
Camila Cabello_72.jpg,8
Charlize Theron_50.jpg,9
Vijay Deverakonda_5.jpg,28
Margot Robbie_1.jpg,21
Priyanka Chopra_39.jpg,24
Hugh Jackman_69.jpg,17
Alia Bhatt_14.jpg,2
Robert Downey Jr_80.jpg,25
Hugh Jackman_71.jpg,17
Camila Cabello_26.jpg,8
Charlize Theron_61.jpg,9
Marmik_30.jpg,22
Zac Efron_77.jpg,30
Tom Cruise_49.jpg,27
Camila Cabello_34.jpg,8
Tom Cruise_26.jpg,27
Claire Holt_84.jpg,10
Claire Holt_7.jpg,10
Anushka Sharma_9.jpg,5
Jessica Alba_19.jpg,18
Natalie Portman_31.jpg,23
Henry Cavill_65.jpg,15
Alia Bhatt_31.jpg,2
Camila Cabello_60.jpg,8
Kashyap_18.jpg,19
Akshay Kumar_32.jpg,0
Hrithik Roshan_85.jpg,16
Jessica Alba_55.jpg,18
Courtney Cox_66.jpg,11
Ellen Degeneres_36.jpg,14
Dwayne Johnson_32.jpg,12
Lisa Kudrow_31.jpg,20
Jessica Alba_11.jpg,18
Priyanka Chopra_30.jpg,24
Akshay Kumar_46.jpg,0
Hugh Jackman_70.jpg,17
Lisa Kudrow_36.jpg,20
Margot Robbie_47.jpg,21
Hugh Jackman_12.jpg,17
Roger Federer_21.jpg,26
Brad Pitt_41.jpg,7
Elizabeth Olsen_60.jpg,13
Akshay Kumar_34.jpg,0
Anushka Sharma_58.jpg,5
Hrithik Roshan_93.jpg,16
Kashyap_19.jpg,19
Billie Eilish_43.jpg,6
Henry Cavill_37.jpg,15
Priyanka Chopra_52.jpg,24
Amitabh Bachchan_22.jpg,3
Billie Eilish_96.jpg,6
Billie Eilish_68.jpg,6
Lisa Kudrow_8.jpg,20
Henry Cavill_13.jpg,15
Elizabeth Olsen_66.jpg,13
Camila Cabello_51.jpg,8
Priyanka Chopra_49.jpg,24
Tom Cruise_23.jpg,27
Alexandra Daddario_16.jpg,1
Brad Pitt_61.jpg,7
Ellen Degeneres_40.jpg,14
Lisa Kudrow_52.jpg,20
Brad Pitt_26.jpg,7
Henry Cavill_78.jpg,15
Roger Federer_64.jpg,26
Courtney Cox_13.jpg,11
Vijay Deverakonda_66.jpg,28
Henry Cavill_29.jpg,15
Claire Holt_69.jpg,10
Henry Cavill_56.jpg,15
Priyanka Chopra_85.jpg,24
Virat Kohli_41.jpg,29
Jessica Alba_74.jpg,18
Vijay Deverakonda_81.jpg,28
Natalie Portman_93.jpg,23
Priyanka Chopra_53.jpg,24
Camila Cabello_39.jpg,8
Dwayne Johnson_16.jpg,12
Camila Cabello_74.jpg,8
Natalie Portman_68.jpg,23
Hugh Jackman_62.jpg,17
Billie Eilish_61.jpg,6
Alexandra Daddario_37.jpg,1
Tom Cruise_3.jpg,27
Henry Cavill_82.jpg,15
Claire Holt_78.jpg,10
Vijay Deverakonda_43.jpg,28
Natalie Portman_55.jpg,23
Alia Bhatt_16.jpg,2
Charlize Theron_21.jpg,9
Andy Samberg_4.jpg,4
Akshay Kumar_14.jpg,0
Courtney Cox_17.jpg,11
Kashyap_6.jpg,19
Camila Cabello_64.jpg,8
Claire Holt_73.jpg,10
Billie Eilish_20.jpg,6
Alia Bhatt_44.jpg,2
Alia Bhatt_29.jpg,2
Anushka Sharma_67.jpg,5
Billie Eilish_40.jpg,6
Hugh Jackman_33.jpg,17
Elizabeth Olsen_70.jpg,13
Henry Cavill_85.jpg,15
Vijay Deverakonda_74.jpg,28
Elizabeth Olsen_41.jpg,13
Virat Kohli_25.jpg,29
Hrithik Roshan_54.jpg,16
Jessica Alba_20.jpg,18
Margot Robbie_54.jpg,21
Priyanka Chopra_67.jpg,24
Jessica Alba_48.jpg,18
Natalie Portman_87.jpg,23
Margot Robbie_71.jpg,21
Zac Efron_23.jpg,30
Andy Samberg_38.jpg,4
Anushka Sharma_59.jpg,5
Kashyap_4.jpg,19
Hugh Jackman_18.jpg,17
Charlize Theron_74.jpg,9
Priyanka Chopra_41.jpg,24
Priyanka Chopra_34.jpg,24
Hrithik Roshan_52.jpg,16
Alexandra Daddario_41.jpg,1
Zac Efron_36.jpg,30
Charlize Theron_24.jpg,9
Jessica Alba_54.jpg,18
Alexandra Daddario_12.jpg,1
Priyanka Chopra_19.jpg,24
Henry Cavill_63.jpg,15
Robert Downey Jr_53.jpg,25
Kashyap_13.jpg,19
Henry Cavill_25.jpg,15
Alexandra Daddario_66.jpg,1
Vijay Deverakonda_80.jpg,28
Courtney Cox_57.jpg,11
Priyanka Chopra_27.jpg,24
Kashyap_10.jpg,19
Courtney Cox_77.jpg,11
Ellen Degeneres_56.jpg,14
Brad Pitt_23.jpg,7
Charlize Theron_16.jpg,9
Akshay Kumar_24.jpg,0
Dwayne Johnson_34.jpg,12
Robert Downey Jr_34.jpg,25
Amitabh Bachchan_67.jpg,3
Anushka Sharma_46.jpg,5
Priyanka Chopra_62.jpg,24
Priyanka Chopra_65.jpg,24
Brad Pitt_96.jpg,7
Akshay Kumar_37.jpg,0
Hrithik Roshan_20.jpg,16
Camila Cabello_53.jpg,8
Courtney Cox_24.jpg,11
Priyanka Chopra_78.jpg,24
Alia Bhatt_74.jpg,2
Natalie Portman_28.jpg,23
Ellen Degeneres_25.jpg,14
Andy Samberg_37.jpg,4
Brad Pitt_104.jpg,7
Hrithik Roshan_59.jpg,16
Elizabeth Olsen_19.jpg,13
Virat Kohli_24.jpg,29
Andy Samberg_50.jpg,4
Alia Bhatt_13.jpg,2
Natalie Portman_78.jpg,23
Priyanka Chopra_95.jpg,24
Elizabeth Olsen_38.jpg,13
Claire Holt_18.jpg,10
Courtney Cox_38.jpg,11
Dwayne Johnson_7.jpg,12
Alia Bhatt_20.jpg,2
Tom Cruise_37.jpg,27
Zac Efron_8.jpg,30
Courtney Cox_70.jpg,11
Natalie Portman_82.jpg,23
Robert Downey Jr_77.jpg,25
Natalie Portman_86.jpg,23
Tom Cruise_24.jpg,27
Vijay Deverakonda_90.jpg,28
Ellen Degeneres_60.jpg,14
Lisa Kudrow_41.jpg,20
Vijay Deverakonda_84.jpg,28
Hugh Jackman_3.jpg,17
Jessica Alba_13.jpg,18
Natalie Portman_26.jpg,23
Claire Holt_42.jpg,10
Zac Efron_7.jpg,30
Courtney Cox_12.jpg,11
Tom Cruise_57.jpg,27
Andy Samberg_55.jpg,4
Zac Efron_49.jpg,30
Zac Efron_68.jpg,30
Hugh Jackman_55.jpg,17
Andy Samberg_90.jpg,4
Kashyap_2.jpg,19
Lisa Kudrow_45.jpg,20
Amitabh Bachchan_29.jpg,3
Jessica Alba_26.jpg,18
Courtney Cox_10.jpg,11
Roger Federer_36.jpg,26
Andy Samberg_24.jpg,4
Zac Efron_35.jpg,30
Jessica Alba_56.jpg,18
Hrithik Roshan_12.jpg,16
Courtney Cox_4.jpg,11
Hugh Jackman_21.jpg,17
Brad Pitt_88.jpg,7
Courtney Cox_1.jpg,11
Andy Samberg_77.jpg,4
Brad Pitt_11.jpg,7
Dwayne Johnson_18.jpg,12
Charlize Theron_67.jpg,9
Courtney Cox_52.jpg,11
Zac Efron_58.jpg,30
Jessica Alba_101.jpg,18
Roger Federer_38.jpg,26
Margot Robbie_48.jpg,21
Charlize Theron_57.jpg,9
Hugh Jackman_10.jpg,17
Charlize Theron_25.jpg,9
Henry Cavill_93.jpg,15
Tom Cruise_50.jpg,27
Dwayne Johnson_43.jpg,12
Robert Downey Jr_5.jpg,25
Courtney Cox_9.jpg,11
Hrithik Roshan_75.jpg,16
Vijay Deverakonda_49.jpg,28
Robert Downey Jr_58.jpg,25
Roger Federer_9.jpg,26
Alexandra Daddario_78.jpg,1
Claire Holt_53.jpg,10
Robert Downey Jr_3.jpg,25
Hrithik Roshan_26.jpg,16
Courtney Cox_75.jpg,11
Andy Samberg_63.jpg,4
Courtney Cox_71.jpg,11
Hugh Jackman_48.jpg,17
Camila Cabello_17.jpg,8
Charlize Theron_7.jpg,9
Jessica Alba_24.jpg,18
Courtney Cox_54.jpg,11
Henry Cavill_14.jpg,15
Roger Federer_12.jpg,26
Alexandra Daddario_90.jpg,1
Alia Bhatt_77.jpg,2
Robert Downey Jr_36.jpg,25
Lisa Kudrow_62.jpg,20
Tom Cruise_32.jpg,27
Robert Downey Jr_95.jpg,25
Priyanka Chopra_68.jpg,24
Akshay Kumar_29.jpg,0
Camila Cabello_43.jpg,8
Ellen Degeneres_19.jpg,14
Robert Downey Jr_24.jpg,25
Claire Holt_39.jpg,10
Jessica Alba_8.jpg,18
Akshay Kumar_18.jpg,0
Marmik_16.jpg,22
Vijay Deverakonda_94.jpg,28
Margot Robbie_37.jpg,21
Henry Cavill_89.jpg,15
Camila Cabello_82.jpg,8
Brad Pitt_57.jpg,7
Margot Robbie_68.jpg,21
Hugh Jackman_97.jpg,17
Alexandra Daddario_80.jpg,1
Claire Holt_13.jpg,10
Andy Samberg_34.jpg,4
Margot Robbie_35.jpg,21
Hugh Jackman_82.jpg,17
Henry Cavill_60.jpg,15
Zac Efron_19.jpg,30
Akshay Kumar_21.jpg,0
Courtney Cox_20.jpg,11
Alia Bhatt_75.jpg,2
Lisa Kudrow_34.jpg,20
Priyanka Chopra_77.jpg,24
Ellen Degeneres_41.jpg,14
Vijay Deverakonda_63.jpg,28
Jessica Alba_92.jpg,18
Claire Holt_32.jpg,10
Billie Eilish_64.jpg,6
Brad Pitt_30.jpg,7
Alia Bhatt_57.jpg,2
Henry Cavill_54.jpg,15
Amitabh Bachchan_7.jpg,3
Courtney Cox_23.jpg,11
Vijay Deverakonda_89.jpg,28
Natalie Portman_61.jpg,23
Virat Kohli_26.jpg,29
Elizabeth Olsen_5.jpg,13
Kashyap_11.jpg,19
Billie Eilish_94.jpg,6
Alia Bhatt_21.jpg,2
Anushka Sharma_38.jpg,5
Claire Holt_85.jpg,10
Lisa Kudrow_5.jpg,20
Billie Eilish_29.jpg,6
Robert Downey Jr_57.jpg,25
Lisa Kudrow_57.jpg,20
Hugh Jackman_84.jpg,17
Hugh Jackman_37.jpg,17
Brad Pitt_0.jpg,7
Ellen Degeneres_6.jpg,14
Anushka Sharma_11.jpg,5
Brad Pitt_13.jpg,7
Vijay Deverakonda_54.jpg,28
Lisa Kudrow_51.jpg,20
Zac Efron_73.jpg,30
Charlize Theron_63.jpg,9
Virat Kohli_35.jpg,29
Courtney Cox_74.jpg,11
Henry Cavill_28.jpg,15
Lisa Kudrow_44.jpg,20
Brad Pitt_91.jpg,7
Tom Cruise_29.jpg,27
Alia Bhatt_0.jpg,2
Roger Federer_62.jpg,26
Natalie Portman_62.jpg,23
Anushka Sharma_4.jpg,5
Charlize Theron_44.jpg,9
Priyanka Chopra_61.jpg,24
Brad Pitt_47.jpg,7
Henry Cavill_91.jpg,15
Andy Samberg_0.jpg,4
Anushka Sharma_21.jpg,5
Alexandra Daddario_43.jpg,1
Robert Downey Jr_32.jpg,25
Zac Efron_54.jpg,30
Alexandra Daddario_82.jpg,1
Kashyap_12.jpg,19
Jessica Alba_93.jpg,18
Virat Kohli_42.jpg,29
Hrithik Roshan_76.jpg,16
Robert Downey Jr_4.jpg,25
Roger Federer_55.jpg,26
Ellen Degeneres_47.jpg,14
Camila Cabello_55.jpg,8
Henry Cavill_88.jpg,15
Natalie Portman_100.jpg,23
Amitabh Bachchan_52.jpg,3
Natalie Portman_19.jpg,23
Robert Downey Jr_54.jpg,25
Hrithik Roshan_49.jpg,16
Claire Holt_80.jpg,10
Lisa Kudrow_21.jpg,20
Henry Cavill_92.jpg,15
Roger Federer_29.jpg,26
Priyanka Chopra_16.jpg,24
Brad Pitt_21.jpg,7
Kashyap_5.jpg,19
Zac Efron_82.jpg,30
Andy Samberg_81.jpg,4
Andy Samberg_43.jpg,4
Natalie Portman_3.jpg,23
Vijay Deverakonda_87.jpg,28
Jessica Alba_6.jpg,18
Elizabeth Olsen_48.jpg,13
Hugh Jackman_110.jpg,17
Jessica Alba_81.jpg,18
Claire Holt_74.jpg,10
Charlize Theron_23.jpg,9
Marmik_19.jpg,22
Andy Samberg_39.jpg,4
Hrithik Roshan_21.jpg,16
Andy Samberg_31.jpg,4
Robert Downey Jr_21.jpg,25
Akshay Kumar_2.jpg,0
Claire Holt_62.jpg,10
Alia Bhatt_35.jpg,2
Amitabh Bachchan_44.jpg,3
Priyanka Chopra_0.jpg,24
Camila Cabello_23.jpg,8
Claire Holt_66.jpg,10
Amitabh Bachchan_42.jpg,3
Claire Holt_14.jpg,10
Vijay Deverakonda_44.jpg,28
Alexandra Daddario_89.jpg,1
Jessica Alba_31.jpg,18
Andy Samberg_30.jpg,4
Brad Pitt_81.jpg,7
Priyanka Chopra_38.jpg,24
Natalie Portman_51.jpg,23
Brad Pitt_102.jpg,7
Alexandra Daddario_9.jpg,1
Alexandra Daddario_65.jpg,1
Billie Eilish_78.jpg,6
Amitabh Bachchan_11.jpg,3
Camila Cabello_54.jpg,8
Vijay Deverakonda_60.jpg,28
Roger Federer_27.jpg,26
Hugh Jackman_102.jpg,17
Andy Samberg_36.jpg,4
Henry Cavill_96.jpg,15
Priyanka Chopra_79.jpg,24
Hugh Jackman_25.jpg,17
Margot Robbie_25.jpg,21
Tom Cruise_9.jpg,27
Camila Cabello_46.jpg,8
Claire Holt_16.jpg,10
Alia Bhatt_55.jpg,2
Priyanka Chopra_66.jpg,24
Brad Pitt_116.jpg,7
Courtney Cox_2.jpg,11
Billie Eilish_52.jpg,6
Jessica Alba_82.jpg,18
Natalie Portman_45.jpg,23
Natalie Portman_34.jpg,23
Brad Pitt_74.jpg,7
Akshay Kumar_11.jpg,0
Natalie Portman_16.jpg,23
Billie Eilish_2.jpg,6
Hrithik Roshan_24.jpg,16
Akshay Kumar_13.jpg,0
Henry Cavill_26.jpg,15
Claire Holt_82.jpg,10
Billie Eilish_92.jpg,6
Amitabh Bachchan_15.jpg,3
Dwayne Johnson_53.jpg,12
Billie Eilish_88.jpg,6
Amitabh Bachchan_28.jpg,3
Claire Holt_63.jpg,10
Marmik_29.jpg,22
Ellen Degeneres_21.jpg,14
Natalie Portman_70.jpg,23
Robert Downey Jr_75.jpg,25
Margot Robbie_30.jpg,21
Zac Efron_61.jpg,30
Claire Holt_12.jpg,10
Hrithik Roshan_5.jpg,16
Robert Downey Jr_90.jpg,25
Natalie Portman_23.jpg,23
Hugh Jackman_87.jpg,17
Jessica Alba_60.jpg,18
Amitabh Bachchan_59.jpg,3
Brad Pitt_89.jpg,7
Natalie Portman_63.jpg,23
Robert Downey Jr_99.jpg,25
Vijay Deverakonda_95.jpg,28
Natalie Portman_95.jpg,23
Andy Samberg_26.jpg,4
Hugh Jackman_32.jpg,17
Hrithik Roshan_22.jpg,16
Natalie Portman_83.jpg,23
Camila Cabello_25.jpg,8
Jessica Alba_1.jpg,18
Brad Pitt_44.jpg,7
Anushka Sharma_42.jpg,5
Jessica Alba_35.jpg,18
Brad Pitt_28.jpg,7
Zac Efron_69.jpg,30
Zac Efron_66.jpg,30
Brad Pitt_53.jpg,7
Natalie Portman_42.jpg,23
Hugh Jackman_57.jpg,17
Vijay Deverakonda_65.jpg,28
Amitabh Bachchan_14.jpg,3
Margot Robbie_8.jpg,21
Ellen Degeneres_3.jpg,14
Alexandra Daddario_61.jpg,1
Vijay Deverakonda_31.jpg,28
Alexandra Daddario_23.jpg,1
Hrithik Roshan_9.jpg,16
Vijay Deverakonda_102.jpg,28
Akshay Kumar_30.jpg,0
Henry Cavill_16.jpg,15
Robert Downey Jr_55.jpg,25
Alia Bhatt_10.jpg,2
Billie Eilish_82.jpg,6
Charlize Theron_55.jpg,9
Marmik_10.jpg,22
Hugh Jackman_60.jpg,17
Alexandra Daddario_40.jpg,1
Henry Cavill_33.jpg,15
Robert Downey Jr_52.jpg,25
Robert Downey Jr_33.jpg,25
Natalie Portman_59.jpg,23
Margot Robbie_12.jpg,21
Billie Eilish_35.jpg,6
Kashyap_14.jpg,19
Tom Cruise_4.jpg,27
Virat Kohli_30.jpg,29
Camila Cabello_68.jpg,8
Natalie Portman_103.jpg,23
Roger Federer_75.jpg,26
Zac Efron_56.jpg,30
Marmik_18.jpg,22
Andy Samberg_7.jpg,4
Camila Cabello_78.jpg,8
Natalie Portman_20.jpg,23
Jessica Alba_98.jpg,18
Dwayne Johnson_2.jpg,12
Dwayne Johnson_23.jpg,12
Priyanka Chopra_12.jpg,24
Hrithik Roshan_15.jpg,16
Robert Downey Jr_46.jpg,25
Margot Robbie_14.jpg,21
Brad Pitt_92.jpg,7
Andy Samberg_71.jpg,4
Vijay Deverakonda_20.jpg,28
Henry Cavill_2.jpg,15
Alexandra Daddario_33.jpg,1
Akshay Kumar_33.jpg,0
Billie Eilish_25.jpg,6
Billie Eilish_72.jpg,6
Camila Cabello_56.jpg,8
Alexandra Daddario_13.jpg,1
Brad Pitt_68.jpg,7
Andy Samberg_15.jpg,4
Camila Cabello_5.jpg,8
Roger Federer_6.jpg,26
Priyanka Chopra_15.jpg,24
Brad Pitt_55.jpg,7
Akshay Kumar_15.jpg,0
Henry Cavill_57.jpg,15
Charlize Theron_48.jpg,9
Dwayne Johnson_40.jpg,12
Andy Samberg_46.jpg,4
Jessica Alba_52.jpg,18
Akshay Kumar_7.jpg,0
Roger Federer_41.jpg,26
Alexandra Daddario_6.jpg,1
Andy Samberg_58.jpg,4
Elizabeth Olsen_12.jpg,13
Amitabh Bachchan_24.jpg,3
Alia Bhatt_73.jpg,2
Elizabeth Olsen_8.jpg,13
Priyanka Chopra_64.jpg,24
Marmik_7.jpg,22
Charlize Theron_39.jpg,9
Elizabeth Olsen_28.jpg,13
Margot Robbie_13.jpg,21
Natalie Portman_54.jpg,23
Robert Downey Jr_96.jpg,25
Tom Cruise_36.jpg,27
Andy Samberg_54.jpg,4
Billie Eilish_70.jpg,6
Amitabh Bachchan_19.jpg,3
Brad Pitt_73.jpg,7
Priyanka Chopra_59.jpg,24
Roger Federer_58.jpg,26
Hugh Jackman_0.jpg,17
Billie Eilish_8.jpg,6
Roger Federer_59.jpg,26
Brad Pitt_36.jpg,7
Hugh Jackman_53.jpg,17
Natalie Portman_94.jpg,23
Hrithik Roshan_98.jpg,16
Dwayne Johnson_9.jpg,12
Robert Downey Jr_30.jpg,25
Alexandra Daddario_18.jpg,1
Priyanka Chopra_8.jpg,24
Alexandra Daddario_47.jpg,1
Brad Pitt_93.jpg,7
Margot Robbie_60.jpg,21
Tom Cruise_7.jpg,27
Amitabh Bachchan_62.jpg,3
Lisa Kudrow_46.jpg,20
Robert Downey Jr_107.jpg,25
Andy Samberg_67.jpg,4
Marmik_23.jpg,22
Jessica Alba_100.jpg,18
Hrithik Roshan_71.jpg,16
Robert Downey Jr_61.jpg,25
Claire Holt_17.jpg,10
Ellen Degeneres_63.jpg,14
Tom Cruise_16.jpg,27
Charlize Theron_0.jpg,9
Alexandra Daddario_63.jpg,1
Margot Robbie_33.jpg,21
Akshay Kumar_47.jpg,0
Margot Robbie_29.jpg,21
Alexandra Daddario_77.jpg,1
Alia Bhatt_65.jpg,2
Hugh Jackman_39.jpg,17
Alexandra Daddario_10.jpg,1
Margot Robbie_53.jpg,21
Billie Eilish_90.jpg,6
Alexandra Daddario_25.jpg,1
Marmik_4.jpg,22
Priyanka Chopra_9.jpg,24
Tom Cruise_13.jpg,27
Priyanka Chopra_5.jpg,24
Hrithik Roshan_96.jpg,16
Alia Bhatt_46.jpg,2
Alexandra Daddario_88.jpg,1
Claire Holt_64.jpg,10
Charlize Theron_41.jpg,9
Alexandra Daddario_83.jpg,1
Alexandra Daddario_36.jpg,1
Jessica Alba_43.jpg,18
Roger Federer_46.jpg,26
Camila Cabello_86.jpg,8
Billie Eilish_87.jpg,6
Dwayne Johnson_13.jpg,12
Natalie Portman_10.jpg,23
Courtney Cox_53.jpg,11
Tom Cruise_44.jpg,27
Alia Bhatt_3.jpg,2
Amitabh Bachchan_33.jpg,3
Hrithik Roshan_11.jpg,16
Anushka Sharma_62.jpg,5
Natalie Portman_15.jpg,23
Claire Holt_27.jpg,10
Hrithik Roshan_36.jpg,16
Vijay Deverakonda_47.jpg,28
Alexandra Daddario_51.jpg,1
Natalie Portman_32.jpg,23
Charlize Theron_5.jpg,9
Camila Cabello_67.jpg,8
Priyanka Chopra_71.jpg,24
Virat Kohli_11.jpg,29
Robert Downey Jr_17.jpg,25
Alexandra Daddario_56.jpg,1
Anushka Sharma_51.jpg,5
Alexandra Daddario_30.jpg,1
Brad Pitt_12.jpg,7
Natalie Portman_84.jpg,23
Zac Efron_14.jpg,30
Henry Cavill_11.jpg,15
Claire Holt_81.jpg,10
Henry Cavill_99.jpg,15
Vijay Deverakonda_57.jpg,28
Vijay Deverakonda_3.jpg,28
Tom Cruise_6.jpg,27
Marmik_6.jpg,22
Charlize Theron_10.jpg,9
Robert Downey Jr_98.jpg,25
Courtney Cox_59.jpg,11
Anushka Sharma_1.jpg,5
Amitabh Bachchan_21.jpg,3
Roger Federer_57.jpg,26
Amitabh Bachchan_50.jpg,3
Hrithik Roshan_10.jpg,16
Natalie Portman_64.jpg,23
Alexandra Daddario_7.jpg,1
Anushka Sharma_54.jpg,5
Camila Cabello_0.jpg,8
Amitabh Bachchan_34.jpg,3
Roger Federer_2.jpg,26
Jessica Alba_32.jpg,18
Zac Efron_88.jpg,30
Alexandra Daddario_49.jpg,1
Priyanka Chopra_4.jpg,24
Akshay Kumar_39.jpg,0
Zac Efron_21.jpg,30
Roger Federer_25.jpg,26
Zac Efron_28.jpg,30
Anushka Sharma_64.jpg,5
Hugh Jackman_35.jpg,17
Margot Robbie_51.jpg,21
Camila Cabello_48.jpg,8
Vijay Deverakonda_99.jpg,28
Roger Federer_63.jpg,26
Akshay Kumar_0.jpg,0
Natalie Portman_49.jpg,23
Billie Eilish_1.jpg,6
Elizabeth Olsen_32.jpg,13
Elizabeth Olsen_39.jpg,13
Priyanka Chopra_25.jpg,24
Alexandra Daddario_38.jpg,1
Hugh Jackman_46.jpg,17
Robert Downey Jr_104.jpg,25
Camila Cabello_11.jpg,8
Jessica Alba_45.jpg,18
Virat Kohli_48.jpg,29
Dwayne Johnson_38.jpg,12
Hugh Jackman_27.jpg,17
Charlize Theron_18.jpg,9
Natalie Portman_41.jpg,23
Kashyap_27.jpg,19
Natalie Portman_35.jpg,23
Priyanka Chopra_101.jpg,24
Billie Eilish_27.jpg,6
Billie Eilish_65.jpg,6
Charlize Theron_65.jpg,9
Anushka Sharma_24.jpg,5
Andy Samberg_9.jpg,4
Tom Cruise_48.jpg,27
Robert Downey Jr_60.jpg,25
Alexandra Daddario_58.jpg,1
Jessica Alba_86.jpg,18
Virat Kohli_29.jpg,29
Camila Cabello_22.jpg,8
Charlize Theron_4.jpg,9
Charlize Theron_69.jpg,9
Natalie Portman_27.jpg,23
Henry Cavill_20.jpg,15
Alexandra Daddario_2.jpg,1
Henry Cavill_8.jpg,15
Claire Holt_21.jpg,10
Vijay Deverakonda_37.jpg,28
Alia Bhatt_4.jpg,2
Henry Cavill_40.jpg,15
Amitabh Bachchan_10.jpg,3
Alia Bhatt_11.jpg,2
Elizabeth Olsen_20.jpg,13
Andy Samberg_8.jpg,4
Marmik_12.jpg,22
Robert Downey Jr_92.jpg,25
Elizabeth Olsen_7.jpg,13
Virat Kohli_36.jpg,29
Roger Federer_51.jpg,26
Henry Cavill_51.jpg,15
Henry Cavill_43.jpg,15
Tom Cruise_46.jpg,27
Priyanka Chopra_87.jpg,24
Akshay Kumar_17.jpg,0
Anushka Sharma_65.jpg,5
Natalie Portman_88.jpg,23
Marmik_25.jpg,22
Camila Cabello_40.jpg,8
Amitabh Bachchan_4.jpg,3
Claire Holt_49.jpg,10
Jessica Alba_71.jpg,18
Anushka Sharma_10.jpg,5
Henry Cavill_53.jpg,15
Virat Kohli_39.jpg,29
Jessica Alba_39.jpg,18
Claire Holt_72.jpg,10
Claire Holt_87.jpg,10
Camila Cabello_8.jpg,8
Priyanka Chopra_32.jpg,24
Billie Eilish_13.jpg,6
Lisa Kudrow_9.jpg,20
Priyanka Chopra_86.jpg,24
Henry Cavill_100.jpg,15
Ellen Degeneres_29.jpg,14
Courtney Cox_30.jpg,11
Billie Eilish_50.jpg,6
Natalie Portman_9.jpg,23
Lisa Kudrow_53.jpg,20
Camila Cabello_69.jpg,8
Akshay Kumar_45.jpg,0
Claire Holt_36.jpg,10
Camila Cabello_61.jpg,8
Billie Eilish_85.jpg,6
Ellen Degeneres_59.jpg,14
Hrithik Roshan_19.jpg,16
Camila Cabello_30.jpg,8
Kashyap_3.jpg,19
Robert Downey Jr_72.jpg,25
Robert Downey Jr_62.jpg,25
Hrithik Roshan_48.jpg,16
Elizabeth Olsen_9.jpg,13
Dwayne Johnson_24.jpg,12
Andy Samberg_79.jpg,4
Brad Pitt_94.jpg,7
Hugh Jackman_100.jpg,17
Roger Federer_70.jpg,26
Andy Samberg_65.jpg,4
Courtney Cox_39.jpg,11
Charlize Theron_3.jpg,9
Camila Cabello_65.jpg,8
Hrithik Roshan_31.jpg,16
Dwayne Johnson_28.jpg,12
Courtney Cox_41.jpg,11
Priyanka Chopra_24.jpg,24
Billie Eilish_22.jpg,6
Brad Pitt_83.jpg,7
Vijay Deverakonda_91.jpg,28
Natalie Portman_56.jpg,23
Vijay Deverakonda_70.jpg,28
Hrithik Roshan_70.jpg,16
Hugh Jackman_96.jpg,17
Vijay Deverakonda_34.jpg,28
Roger Federer_69.jpg,26
Jessica Alba_106.jpg,18
Hrithik Roshan_1.jpg,16
Henry Cavill_35.jpg,15
Roger Federer_5.jpg,26
Hrithik Roshan_97.jpg,16
Hugh Jackman_30.jpg,17
Jessica Alba_15.jpg,18
Roger Federer_44.jpg,26
Henry Cavill_3.jpg,15
Lisa Kudrow_28.jpg,20
Henry Cavill_31.jpg,15
Zac Efron_22.jpg,30
Vijay Deverakonda_6.jpg,28
Henry Cavill_17.jpg,15
Claire Holt_51.jpg,10
Alexandra Daddario_35.jpg,1
Ellen Degeneres_32.jpg,14
Charlize Theron_58.jpg,9
Natalie Portman_0.jpg,23
Robert Downey Jr_101.jpg,25
Brad Pitt_98.jpg,7
Roger Federer_73.jpg,26
Zac Efron_37.jpg,30
Alexandra Daddario_15.jpg,1
Alexandra Daddario_84.jpg,1
Elizabeth Olsen_68.jpg,13
Claire Holt_95.jpg,10
Claire Holt_90.jpg,10
Charlize Theron_66.jpg,9
Hugh Jackman_101.jpg,17
Hrithik Roshan_67.jpg,16
Hugh Jackman_91.jpg,17
Ellen Degeneres_70.jpg,14
Billie Eilish_53.jpg,6
Zac Efron_63.jpg,30
Priyanka Chopra_42.jpg,24
Priyanka Chopra_1.jpg,24
Hrithik Roshan_6.jpg,16
Claire Holt_6.jpg,10
Charlize Theron_70.jpg,9
Zac Efron_30.jpg,30
Lisa Kudrow_13.jpg,20
Roger Federer_30.jpg,26
Roger Federer_17.jpg,26
Robert Downey Jr_74.jpg,25
Brad Pitt_80.jpg,7
Alia Bhatt_36.jpg,2
Akshay Kumar_43.jpg,0
Virat Kohli_3.jpg,29
Camila Cabello_45.jpg,8
Alexandra Daddario_45.jpg,1
Ellen Degeneres_62.jpg,14
Roger Federer_40.jpg,26
Marmik_15.jpg,22
Ellen Degeneres_17.jpg,14
Henry Cavill_97.jpg,15
Alia Bhatt_76.jpg,2
Billie Eilish_59.jpg,6
Lisa Kudrow_10.jpg,20
Billie Eilish_49.jpg,6
Robert Downey Jr_48.jpg,25
Natalie Portman_101.jpg,23
Hrithik Roshan_63.jpg,16
Hugh Jackman_80.jpg,17
Vijay Deverakonda_114.jpg,28
Robert Downey Jr_12.jpg,25
Jessica Alba_0.jpg,18
Ellen Degeneres_73.jpg,14
Hrithik Roshan_89.jpg,16
Robert Downey Jr_79.jpg,25
Kashyap_8.jpg,19
Ellen Degeneres_55.jpg,14
Jessica Alba_10.jpg,18
Courtney Cox_26.jpg,11
Camila Cabello_79.jpg,8
Amitabh Bachchan_20.jpg,3
Camila Cabello_62.jpg,8
Zac Efron_84.jpg,30
Ellen Degeneres_18.jpg,14
Roger Federer_3.jpg,26
Ellen Degeneres_66.jpg,14
Dwayne Johnson_55.jpg,12
Dwayne Johnson_52.jpg,12
Ellen Degeneres_28.jpg,14
Hugh Jackman_56.jpg,17
Robert Downey Jr_44.jpg,25
Claire Holt_50.jpg,10
Alia Bhatt_1.jpg,2
Zac Efron_48.jpg,30
Claire Holt_2.jpg,10
Camila Cabello_49.jpg,8
Virat Kohli_17.jpg,29
Amitabh Bachchan_48.jpg,3
Alexandra Daddario_31.jpg,1
Anushka Sharma_16.jpg,5
Roger Federer_0.jpg,26
Vijay Deverakonda_75.jpg,28
Anushka Sharma_17.jpg,5
Hrithik Roshan_42.jpg,16
Robert Downey Jr_63.jpg,25
Natalie Portman_50.jpg,23
Brad Pitt_29.jpg,7
Robert Downey Jr_42.jpg,25
Henry Cavill_71.jpg,15
Marmik_1.jpg,22
Claire Holt_4.jpg,10
Jessica Alba_105.jpg,18
Akshay Kumar_41.jpg,0
Robert Downey Jr_85.jpg,25
Roger Federer_15.jpg,26
Courtney Cox_48.jpg,11
Jessica Alba_3.jpg,18
Elizabeth Olsen_51.jpg,13
Natalie Portman_40.jpg,23
Camila Cabello_10.jpg,8
Camila Cabello_59.jpg,8
Anushka Sharma_31.jpg,5
Hugh Jackman_78.jpg,17
Kashyap_1.jpg,19
Charlize Theron_68.jpg,9
Brad Pitt_48.jpg,7
Alexandra Daddario_67.jpg,1
Anushka Sharma_36.jpg,5
Jessica Alba_79.jpg,18
Zac Efron_46.jpg,30
Alexandra Daddario_44.jpg,1
Robert Downey Jr_18.jpg,25
Camila Cabello_81.jpg,8
Jessica Alba_83.jpg,18
Akshay Kumar_19.jpg,0
Amitabh Bachchan_66.jpg,3
Dwayne Johnson_56.jpg,12
Ellen Degeneres_5.jpg,14
Hugh Jackman_109.jpg,17
Vijay Deverakonda_77.jpg,28
Vijay Deverakonda_76.jpg,28
Vijay Deverakonda_105.jpg,28
Jessica Alba_27.jpg,18
Vijay Deverakonda_18.jpg,28
Lisa Kudrow_17.jpg,20
Claire Holt_20.jpg,10
Claire Holt_60.jpg,10
Billie Eilish_46.jpg,6
Margot Robbie_4.jpg,21
Andy Samberg_45.jpg,4
Billie Eilish_63.jpg,6
Hrithik Roshan_27.jpg,16
Dwayne Johnson_1.jpg,12
Vijay Deverakonda_82.jpg,28
Margot Robbie_39.jpg,21
Margot Robbie_42.jpg,21
Robert Downey Jr_108.jpg,25
Andy Samberg_64.jpg,4
Virat Kohli_23.jpg,29
Henry Cavill_86.jpg,15
Jessica Alba_88.jpg,18
Billie Eilish_95.jpg,6
Henry Cavill_103.jpg,15
Tom Cruise_43.jpg,27
Courtney Cox_3.jpg,11
Margot Robbie_31.jpg,21
Robert Downey Jr_71.jpg,25
Courtney Cox_76.jpg,11
Elizabeth Olsen_24.jpg,13
Tom Cruise_38.jpg,27
Courtney Cox_65.jpg,11
Lisa Kudrow_1.jpg,20
Alia Bhatt_19.jpg,2
Brad Pitt_15.jpg,7
Hugh Jackman_36.jpg,17
Camila Cabello_36.jpg,8
Ellen Degeneres_69.jpg,14
Claire Holt_61.jpg,10
Billie Eilish_38.jpg,6
Brad Pitt_103.jpg,7
Elizabeth Olsen_69.jpg,13
Elizabeth Olsen_49.jpg,13
Billie Eilish_60.jpg,6
Brad Pitt_63.jpg,7
Roger Federer_4.jpg,26
Kashyap_23.jpg,19
Courtney Cox_8.jpg,11
Natalie Portman_76.jpg,23
Ellen Degeneres_12.jpg,14
Vijay Deverakonda_8.jpg,28
Alexandra Daddario_69.jpg,1
Camila Cabello_7.jpg,8
Zac Efron_53.jpg,30
Priyanka Chopra_22.jpg,24
Elizabeth Olsen_14.jpg,13
Margot Robbie_65.jpg,21
Charlize Theron_72.jpg,9
Alexandra Daddario_71.jpg,1
Brad Pitt_84.jpg,7
Virat Kohli_9.jpg,29
Tom Cruise_52.jpg,27
Zac Efron_40.jpg,30
Brad Pitt_65.jpg,7
Andy Samberg_76.jpg,4
Amitabh Bachchan_51.jpg,3
Akshay Kumar_6.jpg,0
Courtney Cox_60.jpg,11
Claire Holt_43.jpg,10
Charlize Theron_20.jpg,9
Ellen Degeneres_8.jpg,14
Elizabeth Olsen_55.jpg,13
Akshay Kumar_12.jpg,0
Jessica Alba_51.jpg,18
Elizabeth Olsen_10.jpg,13
Charlize Theron_9.jpg,9
Camila Cabello_16.jpg,8
Lisa Kudrow_42.jpg,20
Roger Federer_31.jpg,26
Ellen Degeneres_10.jpg,14
Brad Pitt_117.jpg,7
Alexandra Daddario_0.jpg,1
Claire Holt_22.jpg,10
Priyanka Chopra_3.jpg,24
Marmik_11.jpg,22
Charlize Theron_75.jpg,9
Elizabeth Olsen_45.jpg,13
Ellen Degeneres_27.jpg,14
Natalie Portman_53.jpg,23
Courtney Cox_42.jpg,11
Anushka Sharma_2.jpg,5
Akshay Kumar_26.jpg,0
Camila Cabello_19.jpg,8
Akshay Kumar_40.jpg,0
Virat Kohli_0.jpg,29
Billie Eilish_71.jpg,6
Claire Holt_83.jpg,10
Marmik_28.jpg,22
Natalie Portman_39.jpg,23
Billie Eilish_83.jpg,6
Lisa Kudrow_33.jpg,20
Zac Efron_4.jpg,30
Amitabh Bachchan_30.jpg,3
Charlize Theron_30.jpg,9
Hrithik Roshan_82.jpg,16
Alia Bhatt_2.jpg,2
Lisa Kudrow_16.jpg,20
Brad Pitt_56.jpg,7
Virat Kohli_4.jpg,29
Hrithik Roshan_25.jpg,16
Brad Pitt_112.jpg,7
Margot Robbie_18.jpg,21
Margot Robbie_70.jpg,21
Robert Downey Jr_103.jpg,25
Alexandra Daddario_79.jpg,1
Zac Efron_72.jpg,30
Priyanka Chopra_51.jpg,24
Courtney Cox_50.jpg,11
Alia Bhatt_52.jpg,2
Elizabeth Olsen_67.jpg,13
Courtney Cox_61.jpg,11
Camila Cabello_32.jpg,8
Brad Pitt_39.jpg,7
Alia Bhatt_43.jpg,2
Andy Samberg_14.jpg,4
Dwayne Johnson_50.jpg,12
Vijay Deverakonda_92.jpg,28
Virat Kohli_40.jpg,29
Dwayne Johnson_59.jpg,12
Roger Federer_39.jpg,26
Henry Cavill_23.jpg,15
Akshay Kumar_23.jpg,0
Zac Efron_75.jpg,30
Billie Eilish_91.jpg,6
Brad Pitt_86.jpg,7
Vijay Deverakonda_10.jpg,28
Vijay Deverakonda_24.jpg,28
Hugh Jackman_67.jpg,17
Courtney Cox_31.jpg,11
Charlize Theron_42.jpg,9
Amitabh Bachchan_12.jpg,3
Robert Downey Jr_111.jpg,25
Margot Robbie_55.jpg,21
Zac Efron_62.jpg,30
Tom Cruise_34.jpg,27
Robert Downey Jr_20.jpg,25
Lisa Kudrow_22.jpg,20
Dwayne Johnson_37.jpg,12
Billie Eilish_21.jpg,6
Courtney Cox_27.jpg,11
Zac Efron_71.jpg,30
Brad Pitt_69.jpg,7
Vijay Deverakonda_58.jpg,28
Ellen Degeneres_74.jpg,14
Ellen Degeneres_2.jpg,14
Hrithik Roshan_88.jpg,16
Vijay Deverakonda_108.jpg,28
Hugh Jackman_88.jpg,17
Zac Efron_31.jpg,30
Henry Cavill_75.jpg,15
Virat Kohli_34.jpg,29
Jessica Alba_59.jpg,18
Alia Bhatt_25.jpg,2
Lisa Kudrow_32.jpg,20
Courtney Cox_29.jpg,11
Zac Efron_27.jpg,30
Claire Holt_44.jpg,10
Natalie Portman_65.jpg,23
Natalie Portman_33.jpg,23
Roger Federer_34.jpg,26
Alexandra Daddario_52.jpg,1
Vijay Deverakonda_98.jpg,28
Amitabh Bachchan_38.jpg,3
Alexandra Daddario_57.jpg,1
Hugh Jackman_13.jpg,17
Hugh Jackman_111.jpg,17
Kashyap_0.jpg,19
Brad Pitt_20.jpg,7
Brad Pitt_58.jpg,7
Lisa Kudrow_25.jpg,20
Robert Downey Jr_35.jpg,25
Roger Federer_33.jpg,26
Anushka Sharma_23.jpg,5
Ellen Degeneres_16.jpg,14
Tom Cruise_14.jpg,27
Lisa Kudrow_12.jpg,20
Priyanka Chopra_97.jpg,24
Zac Efron_76.jpg,30
Anushka Sharma_7.jpg,5
Tom Cruise_56.jpg,27
Hrithik Roshan_0.jpg,16
Priyanka Chopra_90.jpg,24
Claire Holt_47.jpg,10
Zac Efron_29.jpg,30
Brad Pitt_54.jpg,7
Vijay Deverakonda_52.jpg,28
Margot Robbie_44.jpg,21
Amitabh Bachchan_46.jpg,3
Jessica Alba_87.jpg,18
Hugh Jackman_107.jpg,17
Roger Federer_32.jpg,26
Priyanka Chopra_18.jpg,24
Margot Robbie_58.jpg,21
Brad Pitt_7.jpg,7
Virat Kohli_1.jpg,29
Priyanka Chopra_10.jpg,24
Billie Eilish_39.jpg,6
Marmik_3.jpg,22
Lisa Kudrow_6.jpg,20
Alia Bhatt_12.jpg,2
Hugh Jackman_94.jpg,17
Priyanka Chopra_33.jpg,24
Hrithik Roshan_46.jpg,16
Zac Efron_43.jpg,30
Brad Pitt_87.jpg,7
Margot Robbie_50.jpg,21
Alia Bhatt_49.jpg,2
Ellen Degeneres_1.jpg,14
Brad Pitt_40.jpg,7
Roger Federer_26.jpg,26
Natalie Portman_75.jpg,23
Alia Bhatt_59.jpg,2
Vijay Deverakonda_13.jpg,28
Amitabh Bachchan_8.jpg,3
Charlize Theron_14.jpg,9
Anushka Sharma_20.jpg,5
Alexandra Daddario_74.jpg,1
Alia Bhatt_63.jpg,2
Charlize Theron_77.jpg,9
Tom Cruise_5.jpg,27
Hugh Jackman_108.jpg,17
Lisa Kudrow_59.jpg,20
Lisa Kudrow_24.jpg,20
Lisa Kudrow_35.jpg,20
Zac Efron_25.jpg,30
Ellen Degeneres_15.jpg,14
Kashyap_20.jpg,19
Margot Robbie_19.jpg,21
Claire Holt_23.jpg,10
Jessica Alba_46.jpg,18
Tom Cruise_25.jpg,27
Brad Pitt_70.jpg,7
Akshay Kumar_1.jpg,0
Robert Downey Jr_89.jpg,25
Camila Cabello_31.jpg,8
Jessica Alba_89.jpg,18
Henry Cavill_67.jpg,15
Virat Kohli_27.jpg,29
Hugh Jackman_81.jpg,17
Natalie Portman_1.jpg,23
Elizabeth Olsen_64.jpg,13
Zac Efron_13.jpg,30
Jessica Alba_84.jpg,18
Priyanka Chopra_44.jpg,24
Brad Pitt_90.jpg,7
Camila Cabello_18.jpg,8
Henry Cavill_36.jpg,15
Andy Samberg_29.jpg,4
Brad Pitt_77.jpg,7
Hugh Jackman_103.jpg,17
Hugh Jackman_44.jpg,17
Camila Cabello_41.jpg,8
Henry Cavill_59.jpg,15
Margot Robbie_27.jpg,21
Courtney Cox_43.jpg,11
Henry Cavill_80.jpg,15
Hrithik Roshan_74.jpg,16
Hrithik Roshan_81.jpg,16
Roger Federer_68.jpg,26
Hugh Jackman_6.jpg,17
Priyanka Chopra_80.jpg,24
Hugh Jackman_9.jpg,17
Kashyap_22.jpg,19
Hrithik Roshan_32.jpg,16
Zac Efron_34.jpg,30
Zac Efron_5.jpg,30
Jessica Alba_95.jpg,18
Dwayne Johnson_42.jpg,12
Charlize Theron_40.jpg,9
Jessica Alba_53.jpg,18
Margot Robbie_9.jpg,21
Lisa Kudrow_49.jpg,20
Ellen Degeneres_42.jpg,14
Dwayne Johnson_5.jpg,12
Billie Eilish_86.jpg,6
Lisa Kudrow_0.jpg,20
Virat Kohli_6.jpg,29
Margot Robbie_17.jpg,21
Natalie Portman_69.jpg,23
Alexandra Daddario_5.jpg,1
Dwayne Johnson_14.jpg,12
Brad Pitt_107.jpg,7
Claire Holt_31.jpg,10
Hugh Jackman_49.jpg,17
Natalie Portman_30.jpg,23
Dwayne Johnson_30.jpg,12
Alia Bhatt_67.jpg,2
Anushka Sharma_13.jpg,5
Claire Holt_38.jpg,10
Anushka Sharma_18.jpg,5
Virat Kohli_44.jpg,29
Dwayne Johnson_21.jpg,12
Hugh Jackman_5.jpg,17
Courtney Cox_32.jpg,11
Jessica Alba_29.jpg,18
Natalie Portman_43.jpg,23
Robert Downey Jr_76.jpg,25
Charlize Theron_49.jpg,9
Margot Robbie_11.jpg,21
Virat Kohli_38.jpg,29
Billie Eilish_51.jpg,6
Charlize Theron_26.jpg,9
Natalie Portman_14.jpg,23
Alia Bhatt_61.jpg,2
Roger Federer_18.jpg,26
Robert Downey Jr_23.jpg,25
Tom Cruise_35.jpg,27
Margot Robbie_52.jpg,21
Andy Samberg_84.jpg,4
Vijay Deverakonda_21.jpg,28
Anushka Sharma_37.jpg,5
Lisa Kudrow_27.jpg,20
Anushka Sharma_12.jpg,5
Hugh Jackman_83.jpg,17
Ellen Degeneres_23.jpg,14
Hugh Jackman_59.jpg,17
Priyanka Chopra_70.jpg,24
Ellen Degeneres_14.jpg,14
Hrithik Roshan_44.jpg,16
Alexandra Daddario_21.jpg,1
Robert Downey Jr_100.jpg,25
Ellen Degeneres_4.jpg,14
Billie Eilish_42.jpg,6
Andy Samberg_85.jpg,4
Roger Federer_66.jpg,26
Charlize Theron_11.jpg,9
Tom Cruise_22.jpg,27
Charlize Theron_37.jpg,9
Elizabeth Olsen_1.jpg,13
Claire Holt_45.jpg,10
Andy Samberg_47.jpg,4
Vijay Deverakonda_28.jpg,28
Dwayne Johnson_10.jpg,12
Henry Cavill_52.jpg,15
Billie Eilish_0.jpg,6
Charlize Theron_59.jpg,9
Vijay Deverakonda_107.jpg,28
Courtney Cox_64.jpg,11
Priyanka Chopra_29.jpg,24
Alia Bhatt_62.jpg,2
Alia Bhatt_26.jpg,2
Jessica Alba_37.jpg,18
Virat Kohli_33.jpg,29
Camila Cabello_35.jpg,8
Hugh Jackman_63.jpg,17
Elizabeth Olsen_58.jpg,13
Dwayne Johnson_15.jpg,12
Jessica Alba_42.jpg,18
Natalie Portman_98.jpg,23
Tom Cruise_12.jpg,27
Akshay Kumar_4.jpg,0
Charlize Theron_22.jpg,9
Hugh Jackman_43.jpg,17
Hrithik Roshan_65.jpg,16
Robert Downey Jr_7.jpg,25
Hrithik Roshan_40.jpg,16
Priyanka Chopra_83.jpg,24
Amitabh Bachchan_27.jpg,3
Robert Downey Jr_10.jpg,25
Vijay Deverakonda_46.jpg,28
Brad Pitt_33.jpg,7
Virat Kohli_20.jpg,29
Henry Cavill_72.jpg,15
Roger Federer_47.jpg,26
Robert Downey Jr_106.jpg,25
Brad Pitt_75.jpg,7
Hugh Jackman_89.jpg,17
Henry Cavill_45.jpg,15
Natalie Portman_47.jpg,23
Brad Pitt_106.jpg,7
Alia Bhatt_51.jpg,2
Margot Robbie_61.jpg,21
Courtney Cox_46.jpg,11
Priyanka Chopra_89.jpg,24
Elizabeth Olsen_15.jpg,13
Billie Eilish_26.jpg,6
Camila Cabello_76.jpg,8
Tom Cruise_55.jpg,27
Akshay Kumar_28.jpg,0
Billie Eilish_12.jpg,6
Ellen Degeneres_43.jpg,14
Vijay Deverakonda_113.jpg,28
Courtney Cox_28.jpg,11
Ellen Degeneres_71.jpg,14
Virat Kohli_19.jpg,29
Hugh Jackman_77.jpg,17
Vijay Deverakonda_71.jpg,28
Charlize Theron_17.jpg,9
Lisa Kudrow_15.jpg,20
Alexandra Daddario_81.jpg,1
Robert Downey Jr_66.jpg,25
Hugh Jackman_47.jpg,17
Andy Samberg_40.jpg,4
Henry Cavill_19.jpg,15
Billie Eilish_19.jpg,6
Robert Downey Jr_97.jpg,25
Jessica Alba_90.jpg,18
Elizabeth Olsen_27.jpg,13
Elizabeth Olsen_59.jpg,13
Henry Cavill_7.jpg,15
Claire Holt_29.jpg,10
